reading_accuracy,writing_coherence,math_accuracy,speech_fluency,attention_response_ms,age,repeated_errors,assessment_duration_s,risk_level
53.3,40.5,13.3,56.9,1220.0,16.0,19.0,352.0,3
83.4,97.9,70.1,85.3,335.0,15.0,0.0,223.0,0
68.8,43.1,55.7,71.0,1132.0,14.0,8.0,320.0,2
55.5,77.7,29.2,71.1,634.0,13.0,2.0,215.0,1
59.2,54.4,57.5,64.1,1048.0,12.0,11.0,175.0,2
39.0,38.8,36.1,47.2,982.0,8.0,7.0,397.0,2
72.9,58.4,48.1,49.0,627.0,13.0,10.0,182.0,1
42.2,31.4,25.7,33.8,1320.0,18.0,7.0,358.0,3
98.6,83.2,63.0,66.4,439.0,11.0,0.0,198.0,0
52.1,58.5,40.7,33.1,1157.0,7.0,9.0,331.0,2
76.6,82.2,100.0,96.9,292.0,15.0,1.0,238.0,0
48.4,55.2,50.3,49.7,1107.0,10.0,10.0,349.0,2
54.6,49.5,44.6,38.8,1090.0,16.0,5.0,451.0,2
86.8,71.1,81.0,83.3,200.0,8.0,1.0,241.0,0
100.0,77.1,85.6,74.6,301.0,9.0,2.0,60.0,0
89.6,100.0,87.8,79.8,200.0,6.0,2.0,122.0,0
58.3,74.0,63.8,51.1,619.0,6.0,1.0,183.0,1
86.0,76.1,65.5,94.0,556.0,12.0,0.0,165.0,0
34.4,40.1,45.0,25.4,1231.0,8.0,10.0,495.0,3
41.4,23.1,23.9,58.4,1453.0,16.0,10.0,378.0,3
73.9,50.7,66.2,66.4,673.0,10.0,3.0,218.0,1
27.4,23.5,25.8,40.5,1293.0,7.0,9.0,400.0,3
26.6,30.0,23.9,32.6,1412.0,17.0,15.0,273.0,3
90.2,57.0,60.0,69.0,460.0,6.0,2.0,265.0,1
27.0,20.5,36.1,19.5,1303.0,14.0,14.0,454.0,3
82.7,80.0,83.9,80.0,384.0,9.0,0.0,133.0,0
41.5,48.4,65.4,57.5,805.0,10.0,4.0,348.0,2
57.6,68.2,74.2,59.5,612.0,16.0,6.0,284.0,1
65.5,79.6,60.6,56.1,650.0,17.0,5.0,313.0,1
82.1,94.0,100.0,83.2,317.0,18.0,1.0,95.0,0
51.6,69.8,55.1,71.0,513.0,11.0,4.0,231.0,1
59.6,50.2,56.8,60.3,486.0,17.0,3.0,112.0,1
88.3,83.1,72.5,84.6,213.0,6.0,0.0,135.0,0
58.8,77.3,53.2,69.8,581.0,6.0,4.0,146.0,1
67.8,83.1,78.7,65.3,592.0,10.0,3.0,299.0,1
84.4,75.1,87.0,81.7,295.0,16.0,0.0,249.0,0
32.3,45.5,41.1,46.8,1317.0,9.0,12.0,235.0,3
56.5,65.4,43.3,64.5,1005.0,13.0,7.0,241.0,2
57.1,85.9,82.6,65.1,704.0,9.0,5.0,168.0,1
69.8,97.6,86.8,69.5,284.0,16.0,0.0,130.0,0
90.9,83.9,80.8,100.0,442.0,12.0,0.0,127.0,0
30.3,54.1,34.5,37.2,1293.0,17.0,7.0,304.0,3
94.2,75.9,100.0,74.3,502.0,11.0,0.0,115.0,0
87.5,92.3,62.5,75.4,254.0,9.0,0.0,235.0,0
50.4,60.6,59.7,45.5,953.0,9.0,6.0,376.0,2
67.8,59.3,62.7,62.8,520.0,15.0,4.0,183.0,1
76.4,70.4,100.0,81.2,237.0,6.0,1.0,176.0,0
54.8,66.8,72.6,68.0,1023.0,9.0,4.0,154.0,1
88.6,95.7,93.1,71.9,457.0,9.0,0.0,88.0,0
39.0,29.5,48.1,36.1,1176.0,8.0,6.0,288.0,3
45.4,55.0,36.8,52.9,1005.0,9.0,3.0,262.0,2
78.5,100.0,87.0,82.9,209.0,8.0,0.0,177.0,0
64.2,50.7,51.7,54.8,1136.0,7.0,4.0,344.0,2
94.5,97.9,85.5,75.3,330.0,18.0,0.0,183.0,0
80.3,59.2,63.0,67.0,804.0,7.0,4.0,264.0,1
29.0,28.9,23.8,41.9,1239.0,17.0,12.0,387.0,3
46.1,38.9,46.4,50.8,1035.0,16.0,7.0,385.0,2
16.5,24.2,20.5,38.0,1129.0,10.0,15.0,478.0,3
56.4,41.6,60.6,70.2,1072.0,10.0,4.0,333.0,2
100.0,96.6,71.0,85.5,270.0,15.0,0.0,252.0,0
39.9,50.3,44.2,58.6,1016.0,14.0,8.0,258.0,2
64.7,67.4,52.6,77.6,638.0,12.0,2.0,199.0,1
37.5,14.3,9.3,31.4,1104.0,14.0,9.0,356.0,3
59.9,62.2,65.1,56.2,838.0,7.0,9.0,124.0,1
26.1,50.4,32.7,19.5,1265.0,6.0,8.0,361.0,3
5.7,34.0,31.0,41.7,1339.0,8.0,12.0,302.0,3
90.9,60.8,59.3,81.2,664.0,17.0,3.0,148.0,1
51.6,31.4,30.6,44.3,901.0,17.0,9.0,263.0,2
84.7,80.9,89.8,100.0,405.0,17.0,1.0,88.0,0
50.8,49.6,37.1,53.2,963.0,10.0,10.0,379.0,2
50.2,51.4,62.8,50.9,1059.0,17.0,7.0,325.0,2
79.7,81.5,80.7,96.7,246.0,16.0,0.0,156.0,0
48.6,58.8,67.7,57.7,850.0,10.0,10.0,244.0,2
74.1,65.8,64.9,66.9,643.0,9.0,3.0,262.0,1
79.8,56.9,60.0,54.5,719.0,7.0,3.0,365.0,1
74.9,95.1,75.5,83.2,546.0,7.0,1.0,144.0,0
31.6,10.8,34.9,40.4,1238.0,12.0,13.0,372.0,3
65.3,75.0,65.1,64.8,739.0,10.0,2.0,277.0,1
86.0,81.6,61.2,80.7,298.0,10.0,0.0,75.0,0
26.5,25.0,11.5,46.3,1345.0,8.0,20.0,384.0,3
78.5,94.0,94.8,78.9,329.0,7.0,0.0,138.0,0
65.6,62.0,56.4,53.0,760.0,12.0,3.0,212.0,1
43.2,59.4,48.7,61.8,1062.0,9.0,10.0,240.0,2
46.3,40.0,29.7,50.9,929.0,12.0,7.0,301.0,2
20.2,22.5,24.9,51.9,1306.0,14.0,5.0,333.0,3
65.2,35.7,41.8,48.0,933.0,7.0,6.0,337.0,2
43.6,31.8,46.2,53.3,1279.0,11.0,19.0,411.0,3
100.0,98.5,92.0,89.7,379.0,14.0,1.0,108.0,0
91.6,76.2,75.5,89.0,320.0,13.0,0.0,238.0,0
34.7,23.9,33.0,49.9,1375.0,15.0,11.0,393.0,3
45.4,40.3,60.3,63.9,1006.0,10.0,13.0,240.0,2
36.5,41.8,15.6,27.9,1316.0,7.0,15.0,385.0,3
90.7,79.9,95.9,66.9,415.0,17.0,0.0,228.0,0
88.1,83.6,94.5,72.3,219.0,10.0,0.0,132.0,0
16.3,16.9,30.0,54.0,1150.0,15.0,13.0,307.0,3
41.0,36.4,49.1,31.0,1191.0,10.0,12.0,402.0,3
73.2,59.2,77.5,59.3,704.0,11.0,7.0,266.0,1
46.9,50.9,49.1,70.2,926.0,14.0,9.0,252.0,2
53.5,43.8,61.5,43.3,1021.0,16.0,9.0,285.0,2
26.8,44.3,26.8,31.5,1231.0,7.0,15.0,424.0,3
80.5,58.7,71.8,72.9,845.0,10.0,4.0,387.0,1
66.5,51.0,66.1,71.8,640.0,8.0,0.0,354.0,1
67.4,70.7,90.2,93.1,313.0,11.0,3.0,60.0,0
32.3,59.1,36.9,43.7,980.0,14.0,4.0,248.0,2
93.5,79.6,88.8,65.3,390.0,15.0,1.0,234.0,0
80.7,58.2,80.7,53.6,666.0,7.0,1.0,312.0,1
58.1,62.2,52.7,60.4,707.0,11.0,5.0,216.0,1
97.7,72.8,89.0,78.2,241.0,17.0,1.0,174.0,0
61.9,49.6,65.1,59.3,890.0,9.0,4.0,297.0,1
60.3,80.1,68.9,61.5,382.0,16.0,1.0,174.0,0
67.2,72.7,54.0,57.2,553.0,6.0,5.0,124.0,1
35.5,39.7,46.4,50.5,923.0,14.0,6.0,272.0,2
58.9,62.8,59.7,66.2,518.0,18.0,6.0,191.0,1
34.5,30.9,49.2,28.5,1293.0,13.0,12.0,342.0,3
73.7,56.4,70.2,75.7,650.0,8.0,5.0,295.0,1
63.8,71.4,67.8,81.2,230.0,10.0,1.0,144.0,0
52.6,37.7,48.8,52.5,991.0,12.0,4.0,358.0,2
53.3,83.0,56.3,74.2,672.0,11.0,3.0,310.0,1
93.6,68.2,69.5,83.2,303.0,11.0,1.0,204.0,0
21.9,30.6,26.9,28.0,1333.0,6.0,12.0,384.0,3
52.7,20.2,32.0,27.5,1428.0,15.0,12.0,375.0,3
83.2,51.4,73.8,62.8,441.0,17.0,4.0,219.0,1
43.7,37.3,53.7,44.9,959.0,8.0,5.0,365.0,2
100.0,90.1,81.5,74.7,401.0,15.0,0.0,132.0,0
100.0,74.5,90.8,69.4,257.0,17.0,2.0,99.0,0
63.0,59.1,37.7,42.1,959.0,17.0,7.0,336.0,2
83.9,78.0,95.6,89.8,391.0,14.0,0.0,231.0,0
69.3,50.4,36.8,76.4,607.0,18.0,6.0,330.0,1
32.3,50.2,61.1,54.5,933.0,17.0,10.0,430.0,2
87.2,74.6,80.8,74.9,347.0,8.0,0.0,140.0,0
38.8,13.8,20.7,19.1,1376.0,15.0,11.0,380.0,3
22.4,38.9,31.5,38.9,1332.0,16.0,9.0,296.0,3
68.4,58.4,59.4,73.4,575.0,7.0,1.0,203.0,1
76.0,85.6,100.0,91.5,449.0,18.0,1.0,237.0,0
64.4,62.2,78.1,48.5,584.0,17.0,5.0,194.0,1
50.6,40.6,26.0,48.7,972.0,18.0,8.0,256.0,2
32.9,50.0,13.7,51.3,1424.0,8.0,12.0,376.0,3
45.6,24.3,40.5,48.9,1269.0,15.0,11.0,326.0,3
36.9,37.9,41.0,23.2,1255.0,17.0,12.0,411.0,3
63.8,51.2,85.9,46.3,931.0,8.0,9.0,284.0,2
56.5,38.8,53.9,57.2,986.0,14.0,6.0,372.0,2
97.8,67.0,88.4,74.0,364.0,10.0,0.0,168.0,0
33.3,27.3,22.0,29.4,1277.0,17.0,12.0,421.0,3
66.2,62.9,57.2,81.9,669.0,6.0,2.0,225.0,1
43.0,43.8,58.1,57.4,909.0,13.0,4.0,310.0,2
91.4,85.5,77.3,80.1,437.0,12.0,1.0,210.0,0
63.8,66.5,76.1,66.4,543.0,17.0,4.0,229.0,1
53.9,36.5,36.2,32.7,845.0,13.0,3.0,227.0,2
78.5,73.6,73.0,88.1,381.0,12.0,0.0,109.0,0
92.9,85.4,80.7,63.2,368.0,12.0,0.0,237.0,0
22.2,8.6,21.4,46.8,1401.0,15.0,15.0,350.0,3
79.5,66.2,64.3,77.7,787.0,14.0,4.0,200.0,1
65.9,74.0,62.2,64.6,647.0,7.0,2.0,246.0,1
37.8,34.4,28.0,42.3,1099.0,11.0,2.0,274.0,2
79.1,90.2,91.5,89.4,352.0,16.0,1.0,152.0,0
100.0,87.2,76.0,68.0,320.0,7.0,0.0,200.0,0
88.4,100.0,86.1,95.1,255.0,18.0,0.0,120.0,0
39.3,38.1,53.2,35.6,1319.0,6.0,18.0,327.0,3
100.0,64.7,89.1,82.5,379.0,15.0,0.0,252.0,0
40.3,35.8,1.8,38.9,1136.0,12.0,12.0,420.0,3
71.8,60.4,56.3,64.2,707.0,12.0,4.0,320.0,1
62.3,59.4,41.1,74.9,763.0,14.0,6.0,354.0,1
84.3,100.0,85.7,84.4,218.0,18.0,0.0,133.0,0
46.4,43.5,36.3,48.6,1048.0,10.0,11.0,251.0,2
13.3,31.4,20.5,38.0,1296.0,6.0,6.0,372.0,3
49.1,62.9,48.8,46.4,890.0,6.0,12.0,259.0,2
28.9,20.2,32.7,28.1,1369.0,10.0,9.0,261.0,3
30.0,53.8,51.1,55.3,889.0,8.0,5.0,302.0,2
96.4,77.2,86.7,75.4,236.0,7.0,1.0,68.0,0
36.3,39.6,17.7,28.6,1389.0,16.0,11.0,288.0,3
45.5,50.4,48.5,63.3,1111.0,15.0,5.0,344.0,2
61.2,60.1,59.9,64.9,697.0,11.0,8.0,215.0,1
20.8,27.7,43.9,45.2,1285.0,12.0,12.0,320.0,3
26.3,21.8,52.7,34.1,1276.0,13.0,12.0,379.0,3
73.8,84.2,61.2,89.0,286.0,13.0,2.0,60.0,0
55.0,53.8,48.6,58.7,976.0,9.0,9.0,336.0,2
94.6,82.8,62.3,62.1,738.0,12.0,4.0,310.0,1
35.8,69.5,33.5,50.3,841.0,16.0,5.0,287.0,2
53.6,93.3,44.6,71.6,725.0,14.0,3.0,265.0,1
27.2,40.4,24.6,39.0,1367.0,15.0,14.0,399.0,3
43.3,69.4,53.4,50.8,867.0,7.0,4.0,193.0,2
60.5,80.0,87.3,75.0,557.0,6.0,4.0,248.0,1
29.1,0.0,2.9,31.6,1229.0,17.0,15.0,249.0,3
43.4,69.2,81.4,48.0,885.0,18.0,8.0,328.0,2
62.8,54.2,61.2,68.3,540.0,15.0,3.0,228.0,1
67.8,69.0,68.7,59.1,474.0,18.0,7.0,293.0,1
37.2,23.6,30.7,27.8,1377.0,9.0,10.0,431.0,3
21.6,33.5,25.8,40.8,1420.0,8.0,10.0,347.0,3
64.2,39.8,45.9,53.6,869.0,6.0,9.0,255.0,2
45.3,27.9,51.0,38.2,966.0,13.0,6.0,354.0,2
56.1,69.4,69.0,59.0,664.0,6.0,4.0,170.0,1
99.4,80.1,94.4,92.7,280.0,13.0,1.0,98.0,0
48.5,65.3,51.6,54.7,856.0,6.0,10.0,359.0,2
87.2,71.9,89.8,73.3,396.0,11.0,0.0,210.0,0
67.4,89.7,61.3,87.3,281.0,10.0,0.0,191.0,0
78.0,94.6,54.5,95.4,240.0,14.0,1.0,145.0,0
51.9,55.9,60.8,77.0,1036.0,16.0,5.0,306.0,2
76.5,55.0,57.8,52.6,641.0,10.0,6.0,200.0,1
65.0,60.3,70.3,66.5,562.0,8.0,3.0,72.0,1
46.8,58.0,54.7,34.9,854.0,11.0,6.0,243.0,2
23.5,40.3,31.6,37.9,1373.0,17.0,13.0,377.0,3
68.7,85.3,73.6,72.1,338.0,6.0,0.0,177.0,0
88.4,92.7,60.6,84.9,345.0,9.0,0.0,209.0,0
67.3,62.5,54.8,67.1,703.0,7.0,1.0,257.0,1
88.3,100.0,77.8,78.3,533.0,16.0,1.0,196.0,0
86.9,71.0,99.3,77.9,444.0,17.0,1.0,175.0,0
50.4,53.8,9.9,58.2,1054.0,8.0,8.0,431.0,2
49.5,49.2,61.0,52.1,1060.0,9.0,10.0,226.0,2
65.0,72.6,60.7,75.1,576.0,10.0,7.0,274.0,1
70.8,96.8,85.0,76.5,346.0,15.0,0.0,161.0,0
20.8,32.8,43.0,36.4,1254.0,12.0,9.0,318.0,3
73.0,76.0,69.0,65.5,226.0,15.0,0.0,142.0,0
78.8,94.2,95.2,97.5,411.0,10.0,0.0,154.0,0
76.5,81.2,80.4,76.6,270.0,18.0,2.0,204.0,0
72.8,73.5,56.8,86.7,530.0,18.0,2.0,234.0,1
35.8,36.1,27.6,27.1,1374.0,11.0,11.0,211.0,3
61.7,50.5,54.3,44.8,951.0,12.0,10.0,328.0,2
84.8,81.1,77.3,70.4,343.0,9.0,0.0,194.0,0
100.0,74.8,83.6,78.6,398.0,8.0,0.0,159.0,0
39.5,36.0,42.2,35.2,971.0,14.0,8.0,203.0,2
82.3,66.2,65.2,53.2,695.0,11.0,4.0,181.0,1
76.2,81.6,63.8,82.7,289.0,6.0,1.0,60.0,0
96.4,69.9,71.7,85.6,370.0,13.0,0.0,121.0,0
48.3,37.7,61.8,55.0,945.0,12.0,8.0,440.0,2
28.6,24.7,22.3,39.2,1495.0,6.0,20.0,400.0,3
29.9,24.0,41.1,52.4,1271.0,7.0,15.0,362.0,3
92.2,89.1,92.4,91.9,323.0,15.0,0.0,222.0,0
70.8,76.3,72.0,90.0,407.0,18.0,0.0,261.0,0
21.3,20.2,43.1,34.4,1218.0,9.0,16.0,278.0,3
96.8,71.0,51.6,84.9,347.0,6.0,0.0,126.0,0
26.6,23.0,24.4,53.0,1241.0,15.0,13.0,318.0,3
100.0,76.3,86.5,83.6,420.0,14.0,0.0,180.0,0
16.7,31.0,37.2,44.4,1190.0,9.0,11.0,292.0,3
59.7,44.6,62.9,59.9,1068.0,10.0,5.0,235.0,2
33.5,31.4,35.4,46.6,1382.0,11.0,9.0,296.0,3
80.3,100.0,72.8,80.8,200.0,9.0,0.0,177.0,0
67.1,63.8,57.0,60.0,702.0,9.0,3.0,260.0,1
58.8,57.3,61.3,48.6,771.0,14.0,3.0,226.0,1
64.2,46.6,75.8,58.4,882.0,11.0,4.0,358.0,2
96.7,75.0,72.2,89.8,397.0,12.0,2.0,175.0,0
64.1,64.9,68.4,73.0,578.0,11.0,8.0,254.0,1
48.6,40.4,54.5,36.6,853.0,8.0,3.0,249.0,2
95.1,88.6,91.4,83.1,200.0,18.0,0.0,118.0,0
69.7,62.7,84.1,63.6,584.0,8.0,2.0,311.0,1
35.0,55.5,54.6,44.8,1109.0,10.0,7.0,209.0,2
88.0,94.1,64.3,77.6,383.0,11.0,0.0,67.0,0
55.1,62.2,62.6,54.4,595.0,17.0,2.0,211.0,1
30.7,32.9,29.2,48.3,1199.0,11.0,11.0,330.0,3
74.6,62.0,77.2,66.1,714.0,7.0,4.0,244.0,1
41.2,43.7,45.4,61.0,1029.0,13.0,4.0,279.0,2
77.5,53.4,60.1,80.7,831.0,13.0,2.0,349.0,1
86.2,82.5,74.6,99.4,455.0,10.0,0.0,224.0,0
36.9,52.2,34.7,58.3,880.0,9.0,6.0,263.0,2
96.2,91.4,74.8,87.6,331.0,7.0,0.0,197.0,0
44.5,34.3,28.1,41.3,1080.0,15.0,7.0,408.0,2
77.4,67.1,53.3,57.9,876.0,6.0,4.0,179.0,1
85.2,90.3,80.5,81.4,200.0,13.0,0.0,229.0,0
62.5,49.8,60.2,66.9,432.0,9.0,3.0,300.0,1
46.3,46.8,31.4,41.3,1492.0,18.0,10.0,242.0,3
50.7,48.9,45.9,67.3,1110.0,12.0,10.0,206.0,2
85.9,92.3,82.3,66.2,216.0,16.0,0.0,218.0,0
34.2,51.4,26.9,22.8,1413.0,16.0,12.0,353.0,3
84.9,80.3,78.9,92.5,348.0,6.0,1.0,131.0,0
43.0,36.1,22.8,36.0,1057.0,14.0,3.0,289.0,2
90.9,92.5,64.8,76.2,792.0,9.0,4.0,93.0,1
68.4,33.0,47.1,61.8,876.0,16.0,6.0,290.0,2
99.8,85.9,77.6,99.6,507.0,10.0,0.0,80.0,0
76.8,80.9,68.3,89.5,376.0,9.0,0.0,228.0,0
95.5,76.9,88.6,79.9,231.0,15.0,0.0,142.0,0
55.8,49.0,82.0,54.0,497.0,17.0,1.0,363.0,1
50.7,52.1,34.2,63.7,1077.0,15.0,9.0,282.0,2
32.7,40.4,30.4,22.7,1386.0,8.0,10.0,318.0,3
90.4,81.1,100.0,88.2,743.0,17.0,0.0,245.0,0
19.8,35.4,32.9,18.4,1425.0,6.0,8.0,465.0,3
37.6,10.5,15.0,19.1,1280.0,17.0,9.0,374.0,3
31.2,22.4,42.0,46.9,1248.0,10.0,11.0,364.0,3
81.4,64.6,76.5,72.8,547.0,12.0,1.0,197.0,1
82.3,86.4,72.3,63.3,506.0,18.0,0.0,147.0,0
30.9,40.2,59.6,60.6,990.0,9.0,8.0,344.0,2
80.1,82.9,98.3,89.4,396.0,15.0,0.0,60.0,0
27.2,10.9,11.7,32.4,1465.0,14.0,12.0,129.0,3
30.1,43.0,34.3,55.9,963.0,6.0,7.0,277.0,2
70.9,69.3,65.8,86.7,631.0,14.0,6.0,289.0,1
40.7,39.4,44.0,48.9,853.0,8.0,6.0,259.0,2
53.7,57.8,33.8,53.4,953.0,8.0,4.0,413.0,2
94.8,80.4,79.3,85.6,397.0,14.0,1.0,197.0,0
93.1,95.3,92.3,67.5,412.0,18.0,0.0,155.0,0
32.0,31.4,9.1,35.5,1389.0,17.0,14.0,325.0,3
100.0,77.9,76.2,90.8,212.0,18.0,0.0,187.0,0
96.6,100.0,81.4,88.2,257.0,15.0,0.0,154.0,0
52.8,37.3,57.0,56.5,968.0,11.0,4.0,224.0,2
62.2,14.9,62.2,49.2,925.0,8.0,5.0,211.0,2
54.6,68.1,43.4,37.8,1008.0,14.0,4.0,287.0,2
42.6,35.5,32.2,34.4,1296.0,11.0,15.0,414.0,3
80.2,67.3,81.4,73.7,410.0,6.0,2.0,60.0,0
91.8,88.7,98.2,80.7,413.0,11.0,1.0,189.0,0
77.8,79.0,65.3,72.7,376.0,18.0,1.0,349.0,0
35.6,38.8,47.3,37.5,1275.0,9.0,10.0,397.0,3
13.6,18.0,22.1,33.5,1194.0,16.0,18.0,386.0,3
91.9,83.3,95.4,77.0,344.0,11.0,1.0,151.0,0
80.8,97.3,79.0,73.4,477.0,18.0,0.0,227.0,0
85.9,69.8,100.0,77.4,327.0,12.0,0.0,157.0,0
27.4,35.8,34.2,53.2,1421.0,12.0,13.0,451.0,3
50.8,33.2,37.0,63.8,1066.0,15.0,7.0,280.0,2
50.1,76.3,69.5,77.2,676.0,15.0,5.0,298.0,1
29.9,24.6,15.9,56.1,1279.0,13.0,12.0,316.0,3
56.7,20.5,36.6,48.0,996.0,13.0,8.0,354.0,2
44.9,46.0,48.9,47.1,1093.0,13.0,7.0,257.0,2
53.0,64.3,90.8,73.3,540.0,18.0,3.0,355.0,1
79.0,63.4,73.3,90.1,406.0,13.0,1.0,111.0,0
84.0,69.2,53.5,61.8,789.0,11.0,2.0,243.0,1
23.3,38.3,14.4,46.0,1243.0,6.0,15.0,360.0,3
53.1,48.1,36.3,57.8,869.0,11.0,1.0,279.0,2
80.8,63.0,83.8,78.4,702.0,17.0,4.0,167.0,1
66.8,57.9,60.3,82.3,684.0,13.0,1.0,251.0,1
79.2,83.7,73.6,89.7,419.0,12.0,2.0,155.0,0
48.0,49.1,22.5,56.9,936.0,9.0,11.0,378.0,2
42.0,55.3,51.6,37.5,1070.0,15.0,7.0,405.0,2
45.9,26.6,35.3,48.3,1287.0,8.0,12.0,277.0,3
60.3,37.0,50.2,60.8,963.0,18.0,4.0,298.0,2
70.2,79.3,72.2,84.6,300.0,11.0,0.0,222.0,0
21.4,34.7,36.2,27.3,1171.0,13.0,9.0,476.0,3
82.5,75.1,74.7,81.1,436.0,15.0,1.0,87.0,0
91.1,96.1,80.0,94.3,452.0,18.0,0.0,84.0,0
65.9,60.8,52.0,77.6,765.0,15.0,4.0,291.0,1
80.9,93.1,96.5,85.6,525.0,16.0,1.0,202.0,0
18.5,34.9,29.5,52.6,1253.0,8.0,13.0,315.0,3
58.6,65.9,64.5,60.7,690.0,8.0,3.0,293.0,1
30.3,28.6,31.3,43.9,1372.0,9.0,11.0,408.0,3
74.2,87.2,74.2,64.7,686.0,17.0,6.0,172.0,1
68.0,84.5,100.0,78.9,572.0,18.0,0.0,99.0,0
91.3,92.1,61.9,86.4,423.0,11.0,0.0,169.0,0
49.5,57.2,48.6,63.9,1073.0,8.0,12.0,327.0,2
85.5,73.7,89.7,79.1,371.0,18.0,3.0,147.0,0
87.4,89.2,99.9,84.7,354.0,9.0,1.0,141.0,0
37.5,31.3,0.0,35.9,1142.0,14.0,10.0,250.0,3
85.1,100.0,86.2,70.4,395.0,14.0,0.0,193.0,0
92.1,93.9,83.6,88.1,287.0,11.0,1.0,137.0,0
55.3,46.1,35.4,58.4,937.0,6.0,7.0,336.0,2
27.6,27.1,26.7,34.7,1388.0,14.0,8.0,414.0,3
62.1,53.0,29.9,47.8,1092.0,6.0,5.0,347.0,2
76.7,86.1,89.3,86.8,389.0,9.0,0.0,122.0,0
36.4,23.1,36.4,25.2,1174.0,14.0,11.0,273.0,3
47.9,56.5,66.2,66.9,709.0,15.0,5.0,294.0,1
99.4,83.4,93.9,77.7,331.0,16.0,0.0,215.0,0
40.2,28.7,18.9,45.9,1265.0,16.0,13.0,420.0,3
88.1,79.3,78.8,81.2,526.0,16.0,1.0,165.0,0
1.2,34.7,27.7,42.9,1343.0,8.0,12.0,259.0,3
59.0,64.9,34.6,48.0,1148.0,10.0,5.0,318.0,2
55.0,86.6,52.0,74.9,538.0,18.0,2.0,273.0,1
93.3,64.7,77.5,79.1,239.0,14.0,0.0,198.0,0
68.9,78.5,69.2,94.9,289.0,10.0,0.0,178.0,0
46.8,45.0,46.4,36.9,815.0,7.0,15.0,320.0,2
23.2,13.4,29.5,38.5,1130.0,18.0,9.0,409.0,3
71.0,90.2,85.8,85.4,319.0,13.0,1.0,114.0,0
88.8,97.0,80.3,83.7,334.0,6.0,0.0,236.0,0
45.3,22.4,35.0,41.6,1338.0,10.0,10.0,347.0,3
21.5,37.6,37.3,37.7,1224.0,11.0,14.0,360.0,3
38.1,64.7,37.1,38.7,1042.0,17.0,7.0,315.0,2
33.7,23.8,45.0,54.2,969.0,9.0,6.0,302.0,2
70.8,86.7,94.3,87.6,300.0,18.0,0.0,145.0,0
76.0,100.0,58.8,83.2,519.0,9.0,2.0,192.0,0
64.3,82.3,44.5,65.6,661.0,17.0,6.0,218.0,1
86.7,70.1,75.6,86.5,435.0,17.0,0.0,246.0,0
38.7,57.8,66.8,77.6,666.0,6.0,4.0,220.0,1
62.0,87.2,75.6,78.1,396.0,8.0,1.0,213.0,0
19.1,33.2,25.1,39.8,1415.0,9.0,9.0,386.0,3
76.8,83.5,77.3,82.8,244.0,8.0,1.0,134.0,0
45.1,49.4,34.3,54.6,982.0,17.0,11.0,398.0,2
100.0,85.1,100.0,58.6,435.0,16.0,1.0,113.0,0
52.7,60.0,61.3,54.6,1014.0,15.0,8.0,324.0,2
18.6,38.6,37.3,30.7,1248.0,13.0,8.0,394.0,3
95.0,98.5,69.2,94.3,354.0,16.0,0.0,243.0,0
41.7,37.7,38.0,45.6,1549.0,16.0,14.0,344.0,3
42.0,34.7,60.0,44.6,990.0,12.0,9.0,259.0,2
61.0,34.7,13.9,70.3,1137.0,11.0,7.0,306.0,2
83.7,78.2,84.8,65.7,200.0,18.0,1.0,129.0,0
40.3,23.8,31.4,46.7,1260.0,11.0,8.0,380.0,3
39.0,51.0,34.8,34.4,1273.0,12.0,6.0,322.0,3
63.2,35.5,85.7,39.0,905.0,6.0,6.0,265.0,2
57.8,47.1,37.4,54.1,998.0,7.0,7.0,326.0,2
73.4,41.0,59.8,75.5,660.0,6.0,3.0,224.0,1
82.5,81.7,91.0,90.4,345.0,11.0,1.0,126.0,0
33.2,37.3,43.2,24.7,1562.0,8.0,5.0,384.0,3
40.9,21.2,61.1,68.8,964.0,16.0,7.0,416.0,2
55.2,77.0,71.5,68.7,884.0,8.0,3.0,297.0,1
92.5,93.6,74.8,72.0,480.0,9.0,1.0,244.0,0
38.7,49.9,51.8,71.4,1032.0,15.0,4.0,246.0,2
63.9,70.7,33.4,57.7,670.0,8.0,4.0,167.0,1
45.0,58.6,49.1,49.3,963.0,14.0,10.0,275.0,2
35.2,21.2,34.1,55.2,1386.0,7.0,8.0,436.0,3
9.8,9.0,39.8,51.0,1333.0,8.0,14.0,313.0,3
90.0,84.9,75.8,82.9,372.0,7.0,1.0,197.0,0
56.5,53.4,76.3,66.2,685.0,14.0,4.0,278.0,1
78.5,79.3,89.6,91.9,438.0,11.0,0.0,193.0,0
78.2,67.7,78.7,63.2,662.0,17.0,6.0,131.0,1
32.5,42.7,63.2,56.0,1066.0,16.0,6.0,299.0,2
21.7,42.0,13.3,25.4,1354.0,12.0,9.0,325.0,3
84.4,65.3,65.3,81.6,260.0,11.0,0.0,162.0,0
85.5,92.6,60.6,88.8,497.0,17.0,0.0,162.0,0
82.3,81.7,75.7,68.4,563.0,17.0,4.0,217.0,1
77.1,81.5,88.0,76.1,531.0,7.0,2.0,145.0,0
65.2,51.8,67.2,67.9,853.0,12.0,5.0,143.0,1
65.1,44.7,84.5,40.9,722.0,11.0,4.0,158.0,1
100.0,87.8,81.4,79.4,322.0,16.0,1.0,255.0,0
72.1,34.9,45.4,65.4,481.0,16.0,5.0,270.0,1
39.2,41.0,23.3,30.6,1057.0,17.0,8.0,301.0,3
81.0,97.8,76.6,72.8,432.0,15.0,0.0,182.0,0
89.8,55.6,60.2,79.2,784.0,13.0,5.0,181.0,1
44.4,36.5,61.7,39.4,1130.0,16.0,8.0,219.0,2
93.3,88.1,83.8,91.9,237.0,15.0,0.0,143.0,0
53.3,67.0,56.5,60.4,964.0,13.0,5.0,198.0,1
23.7,27.8,13.4,46.8,1165.0,11.0,6.0,335.0,3
59.7,59.0,45.5,77.0,766.0,16.0,2.0,235.0,1
100.0,59.2,87.3,80.9,586.0,6.0,0.0,171.0,0
51.1,52.4,51.8,45.0,1030.0,15.0,9.0,290.0,2
92.7,89.0,88.1,84.9,405.0,9.0,0.0,163.0,0
81.1,94.4,90.0,100.0,267.0,8.0,0.0,192.0,0
85.6,82.3,94.4,81.4,470.0,6.0,0.0,195.0,0
34.4,44.1,48.6,39.7,1341.0,7.0,13.0,450.0,3
67.5,70.7,62.4,60.3,595.0,8.0,4.0,107.0,1
85.8,66.1,83.9,89.7,406.0,9.0,0.0,208.0,0
53.9,63.9,28.9,64.0,1140.0,16.0,6.0,394.0,2
88.3,85.5,88.1,76.5,329.0,18.0,1.0,189.0,0
49.2,56.5,36.9,38.3,952.0,12.0,8.0,205.0,2
33.5,17.0,31.7,39.9,1485.0,8.0,5.0,405.0,3
49.3,42.5,58.7,33.9,993.0,10.0,4.0,217.0,2
37.2,31.3,52.9,63.2,959.0,7.0,7.0,180.0,2
59.7,62.5,77.7,55.8,805.0,8.0,1.0,200.0,1
47.4,33.5,39.8,42.0,945.0,7.0,9.0,315.0,2
75.4,82.4,74.6,97.2,475.0,17.0,1.0,186.0,0
51.3,42.7,47.0,60.8,1090.0,11.0,7.0,331.0,2
36.6,47.1,52.0,50.5,827.0,16.0,2.0,282.0,2
85.7,83.2,57.5,64.5,502.0,6.0,0.0,213.0,0
27.4,29.0,21.5,46.9,1350.0,12.0,6.0,415.0,3
37.3,30.1,28.3,39.5,1221.0,17.0,8.0,393.0,3
35.4,53.9,34.7,39.4,933.0,14.0,7.0,369.0,2
67.7,69.7,64.5,53.9,879.0,17.0,3.0,269.0,1
83.9,75.7,80.2,76.6,314.0,6.0,0.0,209.0,0
50.7,39.9,51.2,40.0,887.0,18.0,6.0,148.0,2
100.0,68.5,68.5,83.1,540.0,13.0,0.0,160.0,0
87.1,85.0,100.0,94.9,346.0,14.0,0.0,60.0,0
50.4,50.5,42.4,59.1,1071.0,8.0,10.0,280.0,2
78.5,83.4,62.0,76.2,779.0,15.0,4.0,251.0,1
33.0,51.6,35.0,60.3,1066.0,9.0,7.0,353.0,2
87.4,63.4,72.7,79.4,476.0,16.0,0.0,146.0,0
68.9,57.2,69.2,72.0,668.0,12.0,3.0,171.0,1
48.5,52.3,35.8,55.1,1077.0,16.0,8.0,280.0,2
76.6,53.7,54.7,67.4,816.0,8.0,4.0,276.0,1
65.8,29.7,48.7,71.3,797.0,10.0,3.0,286.0,2
98.1,67.9,80.0,79.1,224.0,17.0,1.0,199.0,0
48.2,74.1,51.2,51.9,998.0,13.0,5.0,292.0,2
91.5,91.6,81.5,75.9,295.0,15.0,1.0,98.0,0
46.5,29.8,48.0,49.6,847.0,9.0,8.0,359.0,2
41.4,30.1,18.3,31.5,1260.0,16.0,12.0,385.0,3
37.1,40.5,34.1,53.5,1477.0,15.0,20.0,434.0,3
79.4,75.8,45.5,68.3,435.0,11.0,0.0,192.0,0
0.1,49.1,29.5,23.9,1405.0,6.0,11.0,263.0,3
52.6,39.1,40.0,58.0,867.0,10.0,4.0,333.0,2
87.0,100.0,83.9,73.2,396.0,17.0,0.0,84.0,0
72.5,77.7,87.1,77.2,213.0,16.0,0.0,60.0,0
93.7,77.0,60.6,66.9,324.0,7.0,0.0,198.0,0
71.1,72.2,46.4,77.3,521.0,15.0,2.0,187.0,1
61.9,48.3,53.7,61.0,710.0,13.0,5.0,252.0,1
84.4,93.5,67.2,89.9,334.0,13.0,0.0,193.0,0
70.6,73.2,72.7,95.4,408.0,17.0,1.0,115.0,0
82.8,88.2,88.9,92.5,460.0,9.0,1.0,321.0,0
64.9,58.0,73.3,66.7,766.0,9.0,5.0,210.0,1
73.0,83.8,84.8,74.8,241.0,6.0,0.0,190.0,0
78.2,61.2,36.2,54.6,669.0,18.0,3.0,294.0,1
91.7,91.7,85.1,84.0,240.0,18.0,0.0,186.0,0
82.3,81.8,76.2,73.8,376.0,13.0,1.0,205.0,0
64.2,70.9,60.8,66.9,616.0,7.0,3.0,347.0,1
58.9,37.1,56.1,66.6,1130.0,13.0,6.0,356.0,2
46.5,32.9,23.8,33.6,1268.0,11.0,14.0,284.0,3
78.5,93.3,74.4,90.8,297.0,12.0,1.0,233.0,0
81.7,62.8,51.9,50.7,742.0,7.0,3.0,262.0,1
77.5,84.2,100.0,85.7,431.0,18.0,0.0,63.0,0
85.1,74.0,80.2,85.0,296.0,18.0,0.0,174.0,0
53.2,70.2,56.6,52.9,913.0,15.0,8.0,249.0,2
21.6,54.7,31.4,53.6,1181.0,9.0,9.0,388.0,3
42.2,37.6,60.5,46.5,1102.0,14.0,8.0,330.0,2
72.4,75.1,83.7,91.3,259.0,15.0,0.0,193.0,0
97.8,74.4,79.1,78.5,318.0,16.0,0.0,217.0,0
46.9,58.2,60.1,67.9,817.0,15.0,13.0,322.0,2
35.3,38.5,62.8,52.5,910.0,8.0,7.0,186.0,2
78.8,59.4,60.9,56.0,662.0,17.0,5.0,208.0,1
82.8,78.6,66.3,77.6,268.0,18.0,2.0,210.0,0
54.1,56.5,78.2,81.5,663.0,8.0,2.0,270.0,1
79.0,86.7,93.8,79.4,285.0,12.0,0.0,192.0,0
54.5,47.9,49.4,54.2,1016.0,17.0,10.0,284.0,2
98.7,86.8,93.0,96.2,520.0,7.0,1.0,129.0,0
23.4,42.8,31.0,51.7,1267.0,11.0,8.0,344.0,3
84.3,99.8,79.8,67.8,261.0,6.0,0.0,225.0,0
61.7,56.0,61.7,64.1,476.0,18.0,4.0,105.0,1
64.5,59.0,63.0,77.7,698.0,16.0,4.0,276.0,1
49.6,59.0,60.4,48.0,904.0,9.0,9.0,295.0,2
86.2,93.5,83.9,79.9,442.0,8.0,0.0,140.0,0
32.9,37.8,47.1,47.6,1262.0,17.0,16.0,317.0,3
72.1,76.3,59.2,53.7,770.0,13.0,2.0,318.0,1
23.7,15.5,28.2,42.4,1379.0,16.0,13.0,211.0,3
88.7,99.5,82.3,89.9,331.0,6.0,0.0,264.0,0
76.8,68.8,78.9,73.1,627.0,6.0,5.0,272.0,1
42.5,56.3,31.6,52.5,934.0,11.0,6.0,258.0,2
39.9,34.3,31.3,17.0,1406.0,18.0,17.0,345.0,3
32.3,45.3,51.8,69.4,1209.0,17.0,9.0,450.0,3
38.7,32.0,43.1,60.5,961.0,17.0,8.0,368.0,2
74.3,86.2,100.0,76.7,345.0,11.0,0.0,151.0,0
30.2,11.9,28.2,51.7,1298.0,9.0,7.0,271.0,3
52.4,55.8,38.4,31.8,1053.0,7.0,6.0,228.0,2
76.1,89.8,77.9,88.9,354.0,16.0,0.0,151.0,0
79.1,93.7,73.2,89.2,346.0,12.0,2.0,252.0,0
100.0,100.0,88.9,69.5,289.0,11.0,1.0,193.0,0
36.5,40.3,66.8,66.1,1003.0,16.0,5.0,304.0,2
39.7,38.3,27.2,64.4,1245.0,15.0,14.0,462.0,3
19.2,38.6,27.0,48.3,1364.0,13.0,7.0,249.0,3
92.5,69.1,58.4,57.6,595.0,6.0,6.0,265.0,1
96.6,66.8,78.4,83.9,376.0,17.0,0.0,60.0,0
38.5,25.5,53.7,53.6,1001.0,9.0,6.0,287.0,2
88.9,53.4,74.4,58.5,513.0,18.0,3.0,233.0,1
34.7,34.4,33.1,44.1,1335.0,18.0,9.0,362.0,3
90.0,74.5,64.9,82.2,275.0,10.0,0.0,188.0,0
17.6,30.3,46.2,51.5,1374.0,11.0,10.0,378.0,3
64.0,54.8,56.8,86.8,421.0,10.0,3.0,304.0,1
76.6,87.8,60.6,77.7,721.0,11.0,5.0,266.0,1
35.2,65.9,72.4,68.6,654.0,16.0,6.0,235.0,1
86.0,84.2,88.5,77.4,360.0,10.0,0.0,151.0,0
94.8,86.8,74.4,79.5,549.0,14.0,2.0,80.0,0
61.7,40.8,52.1,80.7,718.0,17.0,3.0,320.0,1
44.4,32.7,69.9,58.4,933.0,13.0,5.0,359.0,2
54.8,64.3,68.1,65.2,684.0,8.0,3.0,125.0,1
19.4,13.5,47.1,34.3,1293.0,13.0,14.0,301.0,3
79.4,83.4,95.0,74.1,377.0,11.0,0.0,222.0,0
66.6,65.7,86.8,61.4,641.0,6.0,3.0,261.0,1
56.7,70.9,62.2,64.3,712.0,8.0,6.0,134.0,1
20.0,26.9,13.7,33.9,1483.0,10.0,19.0,444.0,3
46.2,31.1,53.0,50.8,804.0,18.0,9.0,277.0,2
76.3,65.1,59.3,81.4,699.0,12.0,4.0,314.0,1
82.8,69.7,79.7,94.9,319.0,7.0,1.0,205.0,0
45.6,14.5,48.7,28.1,1364.0,16.0,12.0,370.0,3
73.6,82.3,72.1,75.6,301.0,16.0,4.0,115.0,0
42.7,54.0,50.6,45.3,877.0,10.0,6.0,256.0,2
67.2,76.5,76.3,79.1,667.0,6.0,5.0,285.0,1
68.4,45.1,45.4,43.8,991.0,18.0,7.0,289.0,2
43.4,51.2,41.2,46.5,789.0,9.0,7.0,298.0,2
62.8,72.7,50.6,80.3,749.0,9.0,2.0,174.0,1
67.2,75.5,63.4,61.7,848.0,14.0,4.0,179.0,1
47.4,17.8,20.4,39.6,1237.0,17.0,13.0,384.0,3
38.0,36.3,30.3,33.4,1228.0,13.0,10.0,362.0,3
45.2,26.6,37.6,35.6,1478.0,13.0,9.0,428.0,3
74.9,88.2,77.9,65.9,293.0,17.0,0.0,181.0,0
82.0,65.5,67.8,83.9,419.0,18.0,0.0,155.0,0
75.2,81.6,70.6,76.8,249.0,16.0,0.0,144.0,0
59.3,66.2,66.8,50.3,582.0,16.0,0.0,157.0,1
80.8,93.5,91.9,79.7,447.0,11.0,1.0,233.0,0
33.1,50.4,44.9,49.8,893.0,13.0,8.0,403.0,2
45.9,40.3,38.5,34.3,1380.0,16.0,10.0,469.0,3
27.5,44.7,31.6,32.8,1235.0,8.0,9.0,432.0,3
86.7,100.0,79.9,71.7,474.0,17.0,0.0,194.0,0
20.2,29.8,25.7,34.5,1322.0,13.0,8.0,346.0,3
83.1,60.0,71.9,97.0,522.0,13.0,1.0,108.0,0
32.6,26.4,23.4,36.9,1229.0,9.0,6.0,345.0,3
71.8,83.5,46.0,66.7,651.0,13.0,3.0,196.0,1
60.3,47.1,57.8,58.0,876.0,18.0,4.0,288.0,1
84.3,60.2,42.6,69.5,689.0,13.0,1.0,303.0,1
48.1,44.2,66.0,61.6,1038.0,7.0,7.0,263.0,2
31.5,19.6,27.1,37.9,1325.0,13.0,17.0,487.0,3
47.9,78.6,81.3,80.1,527.0,10.0,3.0,222.0,1
70.8,75.5,73.8,57.8,592.0,13.0,5.0,326.0,1
84.6,78.2,66.9,79.9,271.0,14.0,1.0,153.0,0
50.4,55.4,53.6,47.6,922.0,16.0,8.0,441.0,2
45.8,42.5,47.0,37.0,1087.0,14.0,11.0,309.0,2
40.5,44.4,58.6,55.1,1001.0,12.0,1.0,245.0,2
49.3,47.8,44.4,38.1,903.0,17.0,7.0,374.0,2
75.4,78.2,79.7,76.2,200.0,17.0,0.0,213.0,0
55.2,65.0,70.9,66.7,791.0,6.0,7.0,159.0,1
79.1,88.7,88.1,89.1,308.0,14.0,0.0,219.0,0
31.3,38.9,34.1,65.5,898.0,6.0,4.0,257.0,2
27.9,18.0,31.2,27.4,1274.0,8.0,13.0,361.0,3
32.8,48.7,33.4,55.1,1559.0,11.0,11.0,325.0,3
21.9,52.5,63.0,30.3,961.0,11.0,7.0,315.0,2
45.6,24.6,28.0,43.1,1267.0,14.0,11.0,339.0,3
47.9,50.1,62.4,47.3,970.0,11.0,6.0,248.0,2
96.0,84.4,77.7,81.4,503.0,9.0,1.0,203.0,0
60.4,43.4,80.4,55.9,690.0,11.0,1.0,207.0,1
91.2,86.3,68.6,87.7,200.0,13.0,0.0,157.0,0
32.2,59.2,55.8,52.4,1030.0,14.0,8.0,341.0,2
27.1,36.4,24.6,51.9,1213.0,8.0,18.0,468.0,3
83.0,100.0,97.7,89.0,506.0,9.0,0.0,75.0,0
85.6,99.4,100.0,100.0,490.0,8.0,0.0,197.0,0
37.7,38.9,39.3,38.2,1169.0,13.0,15.0,327.0,3
71.1,63.1,74.3,63.2,813.0,10.0,3.0,148.0,1
41.2,44.4,40.7,63.3,1491.0,14.0,14.0,339.0,3
53.9,40.9,50.6,56.2,888.0,11.0,3.0,378.0,2
37.3,14.2,33.2,53.3,1201.0,8.0,8.0,396.0,3
90.2,75.3,63.6,94.3,452.0,13.0,0.0,176.0,0
56.6,38.5,50.2,57.3,929.0,7.0,11.0,398.0,2
27.0,10.7,28.5,46.9,1100.0,9.0,8.0,362.0,3
69.4,64.8,66.0,83.0,557.0,13.0,4.0,270.0,1
84.5,73.3,69.9,75.8,491.0,8.0,3.0,173.0,1
80.5,61.2,49.3,69.4,612.0,17.0,3.0,245.0,1
62.9,78.9,64.2,97.5,361.0,12.0,0.0,289.0,0
80.7,100.0,91.4,84.4,326.0,8.0,0.0,219.0,0
72.5,59.3,59.3,43.4,1004.0,9.0,8.0,305.0,2
57.7,43.5,62.9,60.3,1036.0,10.0,10.0,255.0,2
55.0,56.0,85.6,47.9,920.0,14.0,14.0,329.0,2
50.6,46.1,37.5,52.0,1019.0,8.0,7.0,398.0,2
40.9,45.1,40.3,49.9,814.0,9.0,3.0,318.0,2
83.5,88.4,63.0,77.9,397.0,11.0,1.0,271.0,0
26.0,30.2,31.4,29.5,1486.0,11.0,7.0,340.0,3
62.8,73.5,71.2,82.0,739.0,6.0,1.0,243.0,1
80.6,84.5,92.9,85.1,383.0,8.0,1.0,167.0,0
62.4,72.6,84.1,69.4,758.0,17.0,8.0,265.0,1
50.2,55.2,43.6,48.8,928.0,18.0,7.0,245.0,2
45.5,47.7,39.3,36.6,1284.0,14.0,7.0,363.0,3
57.6,46.1,49.6,52.1,1084.0,7.0,5.0,366.0,2
65.3,78.5,90.4,50.5,716.0,7.0,4.0,240.0,1
48.4,31.6,35.3,71.6,975.0,13.0,11.0,244.0,2
81.3,56.7,96.4,67.3,632.0,10.0,4.0,326.0,1
62.0,48.2,61.9,67.2,554.0,9.0,4.0,137.0,1
25.7,57.0,29.9,32.1,1312.0,14.0,9.0,370.0,3
42.1,65.1,47.4,47.9,1012.0,11.0,8.0,189.0,2
75.0,73.0,44.5,72.9,607.0,12.0,4.0,266.0,1
46.8,92.9,85.2,55.3,766.0,17.0,5.0,372.0,1
18.1,35.4,39.2,44.4,1281.0,9.0,6.0,502.0,3
54.9,70.6,49.1,46.0,1002.0,15.0,10.0,294.0,2
40.4,42.3,44.6,62.2,922.0,13.0,7.0,353.0,2
67.1,72.0,66.4,60.4,757.0,15.0,6.0,294.0,1
76.4,82.6,63.8,74.9,372.0,7.0,1.0,281.0,0
33.8,66.2,40.2,61.2,970.0,9.0,8.0,281.0,2
79.0,84.5,85.0,95.0,200.0,6.0,1.0,202.0,0
8.2,34.4,46.4,25.0,1220.0,17.0,14.0,363.0,3
88.2,88.3,97.9,95.8,237.0,18.0,0.0,198.0,0
73.9,53.1,47.9,47.8,1069.0,14.0,7.0,359.0,2
64.7,99.1,77.0,86.9,369.0,7.0,0.0,267.0,0
83.4,58.3,88.1,89.2,428.0,11.0,1.0,122.0,0
45.8,34.4,53.2,48.6,1124.0,8.0,13.0,375.0,3
20.2,13.7,20.8,31.3,1187.0,17.0,18.0,268.0,3
90.2,95.8,76.1,89.6,440.0,12.0,0.0,165.0,0
60.1,73.5,33.4,45.8,1197.0,13.0,7.0,367.0,2
48.9,35.0,45.8,54.1,961.0,11.0,5.0,289.0,2
88.3,84.2,71.5,85.9,400.0,12.0,2.0,225.0,0
75.4,70.0,67.6,68.3,594.0,18.0,4.0,250.0,1
35.1,34.4,31.2,42.4,1340.0,7.0,7.0,323.0,3
18.5,29.7,17.6,48.7,1319.0,7.0,10.0,327.0,3
24.6,23.6,17.7,47.8,1408.0,6.0,7.0,314.0,3
89.0,89.8,90.6,94.4,287.0,9.0,1.0,306.0,0
80.1,70.6,77.1,100.0,425.0,13.0,2.0,196.0,0
47.4,48.7,55.9,54.2,894.0,9.0,6.0,160.0,2
63.4,28.9,32.6,36.0,1006.0,8.0,8.0,321.0,2
52.5,35.1,39.4,35.4,1321.0,12.0,12.0,311.0,3
29.3,49.4,55.0,62.7,1253.0,7.0,14.0,275.0,2
51.1,51.3,55.5,63.9,895.0,12.0,9.0,348.0,2
60.5,36.1,58.0,59.5,1005.0,15.0,8.0,259.0,2
45.6,46.3,67.3,58.7,1025.0,13.0,7.0,252.0,2
96.4,78.0,72.7,81.3,327.0,16.0,0.0,144.0,0
45.8,40.3,50.1,55.8,937.0,14.0,7.0,341.0,2
16.8,30.4,31.2,32.0,1366.0,7.0,9.0,413.0,3
78.4,89.0,88.9,87.6,331.0,8.0,1.0,251.0,0
75.9,87.5,90.2,88.0,426.0,8.0,1.0,125.0,0
88.6,69.6,78.2,99.2,522.0,6.0,0.0,65.0,0
63.2,43.3,41.5,82.8,926.0,11.0,8.0,251.0,1
66.4,56.8,67.0,64.5,875.0,13.0,2.0,273.0,1
76.6,90.6,82.4,81.1,437.0,6.0,0.0,140.0,0
79.5,56.8,58.9,72.6,617.0,10.0,5.0,149.0,1
39.9,31.3,26.0,36.2,1266.0,7.0,17.0,417.0,3
76.9,68.6,70.6,82.7,295.0,9.0,2.0,232.0,0
31.3,30.4,44.3,50.6,1129.0,12.0,9.0,375.0,3
91.3,81.3,66.6,90.2,301.0,9.0,1.0,111.0,0
100.0,73.5,71.6,85.7,220.0,10.0,0.0,151.0,0
56.1,47.9,66.4,74.4,722.0,13.0,3.0,224.0,1
41.8,55.1,32.1,35.7,1135.0,17.0,6.0,245.0,2
77.6,60.8,73.6,55.2,561.0,17.0,4.0,311.0,1
56.9,73.1,52.2,79.0,580.0,14.0,0.0,115.0,1
94.6,86.4,83.9,98.1,433.0,16.0,0.0,198.0,0
84.9,81.2,87.0,100.0,364.0,10.0,1.0,145.0,0
32.7,48.5,41.8,52.1,1180.0,10.0,13.0,355.0,2
90.9,78.0,58.9,81.5,200.0,18.0,0.0,216.0,0
69.4,60.1,65.6,65.3,537.0,16.0,5.0,166.0,1
7.0,22.0,30.0,27.3,1298.0,18.0,14.0,388.0,3
52.9,23.2,31.7,57.8,949.0,9.0,1.0,227.0,2
50.9,40.7,37.8,46.3,1065.0,6.0,17.0,313.0,2
62.2,59.4,67.6,69.3,673.0,7.0,1.0,224.0,1
29.8,42.8,30.9,42.5,1340.0,11.0,16.0,298.0,3
27.5,32.8,24.6,30.9,1386.0,9.0,13.0,400.0,3
20.1,26.0,20.3,60.5,1351.0,13.0,14.0,397.0,3
51.1,47.8,56.9,51.6,1017.0,13.0,6.0,307.0,2
60.9,44.2,47.0,52.7,1133.0,13.0,7.0,337.0,2
53.7,64.4,33.0,67.2,981.0,14.0,7.0,282.0,2
17.5,38.7,35.4,31.5,1272.0,15.0,8.0,310.0,3
92.9,86.1,98.5,94.1,484.0,11.0,2.0,156.0,0
64.3,93.9,79.0,100.0,498.0,15.0,0.0,64.0,0
66.8,48.8,69.4,77.1,757.0,6.0,0.0,270.0,1
59.9,81.9,63.5,70.7,757.0,16.0,1.0,143.0,1
41.2,34.1,43.9,63.0,696.0,12.0,11.0,279.0,2
35.1,31.2,30.5,29.0,1329.0,9.0,11.0,527.0,3
99.5,79.3,92.5,92.5,450.0,10.0,1.0,159.0,0
43.7,35.4,45.5,54.4,929.0,6.0,8.0,216.0,2
81.1,77.8,75.7,64.0,629.0,18.0,9.0,305.0,1
94.2,79.4,58.0,74.9,311.0,8.0,0.0,248.0,0
17.8,41.0,34.8,31.3,1263.0,8.0,10.0,356.0,3
35.2,33.7,14.4,27.9,1305.0,6.0,18.0,368.0,3
74.6,94.9,95.8,78.8,327.0,17.0,0.0,220.0,0
28.2,39.9,30.4,30.0,1352.0,12.0,14.0,381.0,3
95.3,100.0,94.7,93.0,418.0,10.0,1.0,268.0,0
62.6,36.4,58.2,49.7,1011.0,8.0,9.0,460.0,2
83.2,66.4,43.1,65.8,850.0,13.0,5.0,295.0,1
69.5,65.2,58.0,76.8,615.0,13.0,4.0,121.0,1
66.3,97.5,92.9,85.8,429.0,14.0,0.0,251.0,0
100.0,86.4,86.7,88.0,325.0,7.0,0.0,158.0,0
72.6,38.8,83.1,75.0,545.0,16.0,5.0,290.0,1
69.3,30.6,37.2,79.3,956.0,8.0,9.0,281.0,2
62.5,70.9,56.4,55.9,492.0,12.0,4.0,179.0,1
87.8,88.8,97.7,82.8,612.0,6.0,1.0,179.0,0
57.2,71.6,89.2,78.2,643.0,13.0,5.0,246.0,1
76.4,71.3,96.1,93.4,591.0,10.0,0.0,192.0,0
64.0,14.5,41.4,41.3,882.0,16.0,5.0,191.0,2
75.9,87.3,70.0,80.9,389.0,6.0,0.0,310.0,0
94.7,100.0,72.0,81.2,209.0,7.0,1.0,112.0,0
38.0,35.1,69.1,47.8,1056.0,13.0,6.0,310.0,2
65.5,100.0,91.2,70.8,382.0,17.0,0.0,191.0,0
55.7,61.7,53.8,61.4,972.0,18.0,10.0,451.0,2
95.6,88.7,80.8,64.3,445.0,9.0,0.0,73.0,0
41.1,47.2,39.5,50.6,1071.0,9.0,7.0,252.0,2
43.0,36.6,42.6,43.2,777.0,13.0,11.0,310.0,2
50.7,51.0,64.6,69.3,603.0,11.0,10.0,242.0,1
100.0,98.8,63.6,85.3,248.0,6.0,0.0,60.0,0
67.8,55.6,64.0,54.2,800.0,11.0,5.0,184.0,1
66.2,97.3,58.6,73.2,620.0,11.0,5.0,341.0,1
74.1,63.6,77.8,78.0,747.0,16.0,5.0,274.0,1
81.8,93.4,72.3,91.3,410.0,14.0,0.0,291.0,0
64.5,62.1,72.2,75.2,688.0,13.0,7.0,192.0,1
96.6,75.9,100.0,71.2,451.0,16.0,0.0,282.0,0
87.9,54.5,99.7,72.7,268.0,18.0,0.0,126.0,0
51.9,34.9,44.2,54.2,1089.0,8.0,7.0,311.0,2
73.7,66.6,64.7,90.9,448.0,14.0,3.0,270.0,1
62.2,29.8,48.9,45.3,853.0,12.0,6.0,284.0,2
56.5,59.7,58.1,64.4,937.0,15.0,12.0,284.0,2
87.4,91.6,100.0,83.5,396.0,14.0,0.0,242.0,0
61.6,74.3,74.4,62.5,716.0,8.0,4.0,188.0,1
71.8,73.7,91.2,82.7,294.0,11.0,2.0,195.0,0
59.6,54.1,29.7,41.1,1095.0,16.0,6.0,333.0,2
90.2,89.1,79.7,71.9,413.0,14.0,1.0,197.0,0
79.8,87.4,91.5,77.1,273.0,8.0,0.0,167.0,0
88.4,79.5,82.8,92.7,272.0,6.0,0.0,136.0,0
79.7,76.9,90.1,78.0,403.0,17.0,0.0,199.0,0
77.9,100.0,48.9,96.7,403.0,11.0,3.0,151.0,0
43.8,60.5,67.7,64.0,560.0,12.0,5.0,222.0,1
55.1,41.5,43.4,57.6,1160.0,12.0,10.0,327.0,2
38.9,53.7,39.1,55.5,1201.0,8.0,6.0,442.0,2
65.8,37.8,47.2,48.4,997.0,14.0,8.0,258.0,2
60.1,40.5,38.6,50.4,827.0,14.0,11.0,284.0,2
55.6,30.8,47.0,22.5,1310.0,8.0,16.0,461.0,3
94.3,93.0,84.2,93.5,345.0,18.0,2.0,85.0,0
16.2,33.9,18.0,32.8,1210.0,17.0,12.0,332.0,3
100.0,88.8,100.0,87.1,526.0,13.0,0.0,149.0,0
65.1,79.6,53.7,73.8,555.0,14.0,5.0,276.0,1
29.8,26.2,19.2,33.6,1256.0,8.0,11.0,454.0,3
74.9,83.8,55.4,57.0,524.0,14.0,5.0,208.0,1
42.0,44.8,52.5,54.3,1074.0,9.0,13.0,327.0,2
26.2,36.9,33.1,32.1,1305.0,6.0,10.0,300.0,3
87.6,81.3,84.4,90.0,508.0,12.0,0.0,190.0,0
70.5,65.2,68.0,67.0,374.0,7.0,0.0,124.0,0
59.9,32.1,34.2,52.0,972.0,6.0,5.0,294.0,2
29.1,21.7,42.4,52.7,1436.0,18.0,14.0,367.0,3
70.4,63.1,59.6,72.0,775.0,11.0,5.0,226.0,1
34.3,24.8,37.8,47.5,1249.0,8.0,13.0,342.0,3
48.6,33.5,66.5,68.3,947.0,10.0,9.0,420.0,2
80.1,65.9,75.6,71.5,712.0,11.0,4.0,293.0,1
44.7,45.1,57.3,52.5,810.0,11.0,7.0,301.0,2
93.7,86.2,64.4,84.5,285.0,16.0,0.0,87.0,0
52.7,45.5,39.3,49.8,990.0,6.0,11.0,279.0,2
69.9,54.0,58.0,80.9,462.0,11.0,2.0,299.0,1
42.3,60.9,51.1,58.6,985.0,13.0,12.0,320.0,2
93.3,84.7,71.4,83.4,400.0,14.0,1.0,155.0,0
85.7,99.3,75.2,90.3,320.0,15.0,0.0,164.0,0
40.6,34.3,31.1,41.1,1211.0,13.0,9.0,267.0,3
50.3,31.1,48.1,45.4,816.0,15.0,6.0,225.0,2
90.5,89.1,81.1,79.7,315.0,12.0,0.0,183.0,0
73.2,79.2,85.8,76.2,200.0,17.0,1.0,194.0,0
61.3,64.0,64.1,55.5,756.0,12.0,1.0,324.0,1
85.2,83.4,89.5,92.9,329.0,8.0,2.0,114.0,0
64.6,97.2,100.0,77.6,385.0,10.0,1.0,267.0,0
75.9,70.0,83.5,47.7,801.0,10.0,4.0,249.0,1
76.4,67.3,74.1,69.2,389.0,8.0,2.0,145.0,0
61.0,42.5,65.2,50.6,1117.0,9.0,5.0,316.0,2
74.7,64.2,69.7,70.1,666.0,12.0,4.0,333.0,1
65.4,67.5,64.4,80.3,869.0,7.0,5.0,144.0,1
42.0,63.2,43.7,72.5,908.0,12.0,14.0,437.0,2
70.3,75.7,70.4,52.9,570.0,8.0,3.0,336.0,1
39.5,40.4,13.3,69.1,873.0,16.0,13.0,273.0,2
39.1,60.2,12.5,42.8,1203.0,15.0,10.0,527.0,3
71.5,63.0,43.0,62.5,467.0,8.0,4.0,288.0,1
68.0,43.5,54.8,79.6,795.0,11.0,3.0,262.0,1
94.0,80.2,100.0,89.7,458.0,18.0,0.0,121.0,0
64.1,61.4,68.1,73.3,664.0,16.0,3.0,238.0,1
85.4,50.7,78.6,87.0,398.0,15.0,0.0,250.0,0
44.6,69.0,61.6,53.8,1077.0,13.0,9.0,306.0,2
53.1,52.1,61.1,53.1,985.0,9.0,9.0,283.0,2
86.8,55.3,94.0,84.8,326.0,7.0,0.0,133.0,0
72.1,62.7,67.5,65.8,575.0,18.0,4.0,329.0,1
38.3,52.7,46.6,49.1,1103.0,15.0,6.0,227.0,2
89.0,88.7,69.2,87.5,267.0,13.0,0.0,261.0,0
75.1,82.2,68.7,57.7,392.0,17.0,0.0,136.0,0
16.9,42.9,30.1,38.2,1292.0,8.0,17.0,347.0,3
58.9,53.4,68.3,58.7,606.0,7.0,5.0,120.0,1
75.0,94.3,84.4,76.8,305.0,18.0,1.0,161.0,0
29.1,43.2,26.1,34.5,1533.0,6.0,10.0,411.0,3
56.6,76.4,57.2,67.4,672.0,18.0,4.0,239.0,1
70.1,57.8,34.8,79.0,528.0,8.0,4.0,257.0,1
18.9,42.6,52.9,30.3,1323.0,13.0,10.0,380.0,3
100.0,72.2,77.0,92.4,477.0,14.0,0.0,148.0,0
41.5,56.5,50.3,40.4,1090.0,18.0,5.0,292.0,2
87.3,61.8,81.9,86.1,279.0,12.0,1.0,203.0,0
34.8,35.4,29.1,42.3,1283.0,18.0,16.0,472.0,3
43.9,32.7,68.8,58.2,1035.0,9.0,7.0,354.0,2
31.1,33.5,25.6,47.5,1429.0,16.0,19.0,460.0,3
48.4,43.6,62.2,55.1,1071.0,9.0,9.0,332.0,2
47.8,36.0,55.8,64.3,935.0,10.0,5.0,306.0,2
37.7,53.1,58.1,60.3,900.0,17.0,7.0,460.0,2
47.9,26.4,36.7,37.1,1311.0,18.0,12.0,320.0,3
70.6,69.4,68.8,55.0,698.0,14.0,5.0,264.0,1
46.6,36.4,29.0,30.9,1429.0,14.0,8.0,318.0,3
56.4,49.5,69.4,59.0,599.0,15.0,5.0,198.0,1
58.7,66.3,78.7,79.2,855.0,13.0,3.0,236.0,1
80.4,89.2,65.1,78.2,432.0,9.0,0.0,121.0,0
29.2,24.1,28.7,30.0,1234.0,12.0,8.0,328.0,3
42.2,45.7,67.5,52.4,803.0,13.0,9.0,362.0,2
100.0,76.6,100.0,68.6,317.0,10.0,0.0,133.0,0
73.6,56.1,66.6,55.6,586.0,13.0,2.0,174.0,1
52.6,53.3,55.2,78.4,1033.0,15.0,11.0,207.0,2
80.1,87.6,100.0,86.0,326.0,15.0,2.0,167.0,0
52.0,60.5,70.8,81.9,705.0,12.0,6.0,181.0,1
78.0,66.6,54.3,59.8,611.0,15.0,3.0,263.0,1
77.4,62.6,74.0,59.0,778.0,16.0,3.0,148.0,1
53.5,54.8,42.5,74.8,696.0,16.0,4.0,262.0,1
80.0,73.4,87.2,100.0,237.0,15.0,0.0,180.0,0
48.1,46.6,38.3,49.8,1044.0,17.0,12.0,210.0,2
100.0,74.3,68.5,80.4,498.0,12.0,0.0,242.0,0
53.1,56.7,62.0,82.7,524.0,16.0,4.0,309.0,1
72.3,83.4,57.5,68.8,714.0,13.0,5.0,217.0,1
64.6,64.8,65.5,76.1,724.0,9.0,4.0,165.0,1
21.9,21.9,19.2,36.3,1344.0,12.0,6.0,338.0,3
66.6,61.7,55.6,45.0,589.0,8.0,7.0,195.0,1
81.1,64.0,65.0,69.4,598.0,8.0,3.0,279.0,1
79.7,61.3,55.1,63.2,783.0,12.0,2.0,255.0,1
92.6,65.7,91.1,81.1,417.0,15.0,1.0,151.0,0
12.3,24.8,18.8,45.6,1235.0,8.0,5.0,386.0,3
47.3,37.5,62.1,43.7,983.0,16.0,8.0,253.0,2
73.1,72.6,62.3,93.6,383.0,13.0,0.0,181.0,0
63.9,53.5,64.6,65.0,824.0,10.0,4.0,261.0,1
46.0,60.5,70.5,69.1,729.0,18.0,3.0,226.0,1
65.6,58.8,38.5,66.3,585.0,7.0,5.0,207.0,1
72.2,70.3,89.0,78.9,708.0,18.0,2.0,218.0,1
90.0,100.0,84.0,91.4,332.0,16.0,1.0,201.0,0
64.4,47.5,36.2,82.7,1100.0,7.0,7.0,285.0,2
48.6,22.6,18.5,30.8,1227.0,17.0,8.0,471.0,3
75.2,88.1,70.4,73.0,226.0,18.0,0.0,259.0,0
88.9,93.6,82.2,93.7,200.0,12.0,1.0,86.0,0
32.6,46.2,17.3,19.2,1253.0,11.0,8.0,462.0,3
80.6,52.6,66.5,66.1,737.0,13.0,8.0,282.0,1
92.1,96.5,76.5,70.5,338.0,16.0,0.0,116.0,0
88.0,85.6,91.0,80.4,322.0,7.0,2.0,172.0,0
49.0,66.8,52.7,72.4,741.0,18.0,2.0,257.0,1
34.9,28.4,26.5,62.8,929.0,12.0,9.0,201.0,2
100.0,87.4,73.4,61.6,200.0,15.0,0.0,141.0,0
85.7,86.7,93.8,80.5,200.0,15.0,1.0,115.0,0
39.1,52.2,12.8,33.4,1287.0,9.0,10.0,437.0,3
88.1,77.3,98.3,71.5,283.0,7.0,1.0,243.0,0
24.8,26.3,32.7,49.5,1243.0,10.0,9.0,393.0,3
73.5,68.4,94.0,59.2,694.0,7.0,5.0,251.0,1
44.0,21.2,49.1,48.1,896.0,16.0,4.0,351.0,2
30.4,9.0,25.1,36.1,1369.0,6.0,11.0,438.0,3
57.8,56.3,73.6,36.0,860.0,11.0,5.0,140.0,2
75.6,64.7,91.8,69.7,266.0,14.0,0.0,270.0,0
87.5,67.4,58.0,69.3,502.0,13.0,0.0,162.0,0
82.4,81.2,72.7,75.3,378.0,11.0,0.0,197.0,0
76.0,84.3,67.1,67.0,410.0,12.0,2.0,199.0,0
70.2,71.1,74.8,78.9,404.0,11.0,0.0,193.0,0
44.3,44.2,66.6,26.3,1089.0,17.0,6.0,190.0,2
39.3,18.4,38.1,20.5,1299.0,17.0,7.0,391.0,3
42.0,24.8,41.5,47.4,1054.0,16.0,15.0,313.0,2
32.3,30.6,36.2,43.2,1125.0,10.0,10.0,281.0,3
54.7,58.3,65.4,70.8,710.0,6.0,7.0,278.0,1
58.5,76.9,50.6,64.1,583.0,6.0,8.0,156.0,1
34.3,24.5,38.8,46.5,1520.0,15.0,8.0,360.0,3
64.8,66.5,54.4,65.7,530.0,17.0,3.0,322.0,1
49.1,41.0,69.5,55.9,1089.0,13.0,3.0,229.0,2
60.6,59.5,72.3,79.4,545.0,13.0,6.0,306.0,1
68.9,75.1,85.2,85.7,328.0,7.0,0.0,89.0,0
62.6,38.5,70.6,54.6,936.0,14.0,6.0,335.0,2
28.3,29.5,38.0,57.3,1093.0,14.0,7.0,387.0,2
68.9,80.0,56.1,65.5,779.0,9.0,5.0,314.0,1
100.0,75.7,62.7,76.5,435.0,6.0,0.0,237.0,0
46.8,57.4,59.9,68.4,630.0,11.0,5.0,270.0,1
57.8,42.2,44.0,34.2,904.0,8.0,5.0,317.0,2
66.4,61.6,61.1,53.6,579.0,16.0,7.0,184.0,1
47.2,58.5,53.4,44.5,1016.0,13.0,5.0,250.0,2
38.6,58.5,60.1,59.6,907.0,16.0,2.0,295.0,1
88.6,97.2,98.5,93.4,383.0,9.0,1.0,117.0,0
62.0,72.2,53.7,73.1,538.0,16.0,2.0,238.0,1
32.1,47.1,33.4,66.2,923.0,8.0,8.0,353.0,2
30.4,31.4,37.6,35.2,1233.0,8.0,9.0,317.0,3
79.7,89.8,66.8,78.3,353.0,17.0,1.0,114.0,0
86.7,100.0,77.6,64.2,488.0,8.0,0.0,198.0,0
24.5,34.2,41.5,27.1,1202.0,16.0,10.0,361.0,3
36.1,39.5,21.3,27.4,1097.0,13.0,5.0,395.0,3
85.7,71.2,94.6,88.0,257.0,14.0,0.0,256.0,0
63.7,49.8,57.4,54.3,647.0,16.0,4.0,239.0,1
60.2,48.3,20.0,57.7,1068.0,17.0,6.0,315.0,2
75.9,69.5,50.3,63.0,941.0,7.0,5.0,233.0,1
27.1,43.0,36.4,35.3,1524.0,15.0,15.0,410.0,3
43.9,41.2,52.1,27.4,819.0,12.0,7.0,197.0,2
55.9,59.5,58.5,57.5,982.0,13.0,10.0,308.0,2
94.6,94.6,94.4,88.6,260.0,11.0,0.0,162.0,0
69.1,60.3,37.5,53.7,589.0,13.0,8.0,274.0,1
82.9,91.0,73.4,86.3,248.0,12.0,0.0,91.0,0
66.3,42.3,43.3,37.6,1003.0,14.0,11.0,320.0,2
30.1,48.5,45.4,71.6,1021.0,16.0,9.0,326.0,2
25.1,23.9,41.8,30.9,1540.0,17.0,12.0,362.0,3
41.1,51.0,42.9,28.8,1200.0,17.0,11.0,185.0,3
55.7,53.9,50.3,54.0,988.0,14.0,9.0,340.0,2
69.8,57.9,49.2,69.1,790.0,15.0,9.0,194.0,1
67.8,69.7,49.6,66.9,613.0,14.0,6.0,282.0,1
77.8,81.5,89.2,82.0,389.0,9.0,0.0,60.0,0
26.9,20.4,33.3,30.2,1333.0,18.0,14.0,381.0,3
100.0,85.1,100.0,77.5,343.0,12.0,0.0,145.0,0
79.9,52.0,50.8,65.7,667.0,15.0,4.0,266.0,1
70.9,59.7,66.9,65.6,826.0,7.0,4.0,245.0,1
16.2,45.0,42.1,38.0,1328.0,7.0,11.0,302.0,3
45.4,42.3,67.4,45.2,900.0,11.0,11.0,248.0,2
40.5,37.1,41.3,50.9,896.0,10.0,7.0,309.0,2
52.6,45.8,37.6,49.2,733.0,13.0,2.0,257.0,2
23.0,35.9,38.8,30.1,1379.0,7.0,12.0,497.0,3
77.2,84.8,72.6,85.5,448.0,7.0,0.0,233.0,0
79.5,88.0,67.9,57.0,468.0,13.0,3.0,251.0,0
77.3,61.2,79.6,100.0,322.0,15.0,0.0,303.0,0
42.2,42.2,56.3,34.9,1072.0,7.0,4.0,275.0,2
78.2,57.8,78.2,88.9,262.0,9.0,1.0,141.0,0
36.6,46.2,53.7,52.3,1081.0,15.0,7.0,336.0,2
26.9,34.8,31.7,39.7,1129.0,9.0,8.0,291.0,3
51.2,38.0,36.4,58.5,859.0,13.0,5.0,318.0,2
73.3,62.9,49.0,77.6,670.0,18.0,4.0,245.0,1
42.1,53.2,35.3,47.9,893.0,17.0,13.0,307.0,2
71.9,37.2,45.0,72.9,805.0,6.0,7.0,191.0,1
37.2,20.5,40.1,40.5,1259.0,6.0,10.0,344.0,3
34.6,39.7,18.6,43.5,1337.0,17.0,9.0,340.0,3
32.9,32.1,39.7,33.1,1236.0,16.0,11.0,314.0,3
75.3,56.6,79.1,50.0,601.0,8.0,6.0,126.0,1
27.0,26.1,16.2,31.8,1307.0,13.0,13.0,317.0,3
41.3,57.3,64.8,58.8,1087.0,18.0,11.0,279.0,2
91.2,99.2,74.1,90.2,276.0,18.0,0.0,221.0,0
56.4,59.8,30.3,62.3,1013.0,6.0,5.0,398.0,2
88.2,77.1,67.7,57.4,291.0,10.0,0.0,179.0,0
36.9,27.7,39.1,34.5,1260.0,13.0,15.0,339.0,3
53.5,51.1,22.4,41.5,928.0,18.0,9.0,295.0,2
30.4,21.5,11.3,52.2,1274.0,8.0,12.0,432.0,3
100.0,100.0,68.8,81.5,415.0,8.0,0.0,137.0,0
87.4,85.1,71.4,99.1,238.0,17.0,1.0,175.0,0
43.2,17.2,17.5,34.3,1351.0,16.0,13.0,271.0,3
76.8,75.8,100.0,53.6,205.0,6.0,0.0,122.0,0
73.3,55.6,65.0,59.2,636.0,14.0,4.0,138.0,1
53.6,73.2,92.7,82.7,682.0,13.0,1.0,183.0,1
75.7,84.2,78.3,91.5,232.0,12.0,1.0,226.0,0
62.6,41.3,54.8,63.9,944.0,6.0,8.0,224.0,2
53.1,64.3,67.3,51.0,998.0,6.0,9.0,344.0,2
63.3,66.0,76.7,73.0,623.0,6.0,4.0,332.0,1
75.2,71.0,48.2,71.4,764.0,8.0,6.0,296.0,1
89.4,75.9,95.5,85.6,367.0,18.0,2.0,240.0,0
45.2,62.0,99.1,63.7,679.0,6.0,5.0,284.0,1
61.8,82.5,59.4,63.7,538.0,15.0,5.0,224.0,1
30.6,30.8,29.6,29.4,1213.0,15.0,7.0,384.0,3
93.1,100.0,75.3,93.9,225.0,10.0,0.0,217.0,0
66.9,73.8,76.1,76.1,616.0,17.0,3.0,345.0,1
29.8,28.9,22.5,52.7,1385.0,7.0,6.0,311.0,3
79.0,72.7,92.0,79.1,200.0,17.0,0.0,230.0,0
83.7,84.1,100.0,81.1,362.0,11.0,1.0,174.0,0
54.3,58.2,58.9,49.7,929.0,6.0,11.0,325.0,2
20.5,14.1,33.1,48.6,1358.0,17.0,7.0,378.0,3
46.8,68.6,51.5,41.4,941.0,14.0,8.0,350.0,2
88.9,92.8,99.3,65.2,464.0,10.0,0.0,116.0,0
72.7,93.2,82.0,84.0,355.0,18.0,0.0,278.0,0
28.0,20.6,25.6,45.6,1360.0,17.0,7.0,345.0,3
68.4,86.6,75.8,82.3,304.0,17.0,0.0,127.0,0
80.3,77.1,67.5,52.8,391.0,7.0,0.0,292.0,0
35.3,53.2,49.4,64.7,790.0,15.0,6.0,247.0,1
46.1,58.3,43.0,82.5,560.0,9.0,9.0,208.0,1
19.1,13.5,44.3,62.4,1213.0,10.0,11.0,378.0,3
65.6,63.4,54.0,82.2,814.0,16.0,7.0,107.0,1
90.1,76.1,77.0,83.0,295.0,15.0,0.0,176.0,0
72.9,65.2,93.1,88.5,350.0,18.0,0.0,234.0,0
45.9,42.2,24.3,46.0,1393.0,14.0,9.0,335.0,3
91.3,73.0,87.1,91.2,483.0,8.0,0.0,98.0,0
48.7,44.0,55.5,64.8,874.0,16.0,6.0,264.0,2
16.5,38.8,22.4,25.3,1105.0,13.0,14.0,371.0,3
86.1,76.4,78.4,87.4,401.0,6.0,1.0,164.0,0
43.8,34.0,49.4,62.8,1417.0,15.0,12.0,350.0,3
90.9,68.2,69.4,68.1,775.0,10.0,4.0,183.0,1
74.3,73.0,69.4,76.8,673.0,10.0,4.0,232.0,1
72.5,68.0,81.6,90.1,356.0,17.0,0.0,150.0,0
88.8,100.0,80.3,84.1,380.0,14.0,1.0,213.0,0
82.8,81.3,82.3,88.0,549.0,9.0,1.0,167.0,0
63.1,68.5,44.0,45.5,633.0,11.0,2.0,279.0,1
58.5,82.6,50.0,64.4,710.0,11.0,2.0,179.0,1
90.6,80.5,93.3,85.5,383.0,18.0,0.0,203.0,0
71.9,65.5,59.5,59.4,689.0,15.0,4.0,225.0,1
19.3,24.7,25.9,44.2,1131.0,6.0,10.0,340.0,3
33.7,59.4,44.3,47.0,978.0,8.0,5.0,374.0,2
44.1,38.1,49.7,48.0,1326.0,6.0,10.0,334.0,3
61.4,43.0,52.9,56.3,923.0,8.0,2.0,197.0,1
100.0,96.9,86.5,67.9,323.0,14.0,2.0,216.0,0
64.6,38.2,35.0,52.0,802.0,7.0,7.0,308.0,2
40.3,53.1,56.6,47.7,1021.0,17.0,14.0,362.0,2
92.6,94.8,73.9,86.2,261.0,12.0,0.0,203.0,0
91.0,70.7,87.0,90.8,299.0,18.0,0.0,115.0,0
82.7,100.0,80.5,67.2,484.0,15.0,0.0,142.0,0
91.9,100.0,75.6,96.6,358.0,8.0,0.0,98.0,0
52.3,61.3,46.5,34.8,786.0,14.0,8.0,266.0,2
83.0,66.2,86.0,74.4,200.0,8.0,1.0,166.0,0
77.8,77.4,77.3,85.1,306.0,16.0,0.0,86.0,0
87.0,67.8,99.5,80.9,200.0,18.0,1.0,226.0,0
90.3,80.3,80.8,87.9,414.0,13.0,1.0,202.0,0
90.0,69.7,82.2,77.8,265.0,16.0,0.0,182.0,0
63.1,51.9,63.2,71.3,765.0,17.0,5.0,273.0,1
29.5,63.9,44.8,63.1,998.0,16.0,3.0,176.0,2
52.3,48.8,39.2,45.8,955.0,11.0,4.0,143.0,2
33.1,38.5,57.3,46.8,1283.0,6.0,16.0,365.0,3
78.7,61.4,72.7,68.3,914.0,8.0,0.0,144.0,1
66.9,59.0,32.4,55.3,1056.0,17.0,11.0,306.0,2
29.8,27.6,4.0,21.3,1207.0,13.0,11.0,345.0,3
37.8,23.9,24.2,44.0,1287.0,12.0,10.0,260.0,3
62.3,65.2,46.3,52.7,399.0,16.0,5.0,120.0,1
55.5,59.6,34.5,56.6,876.0,6.0,8.0,244.0,2
98.1,81.0,79.0,90.4,387.0,9.0,1.0,112.0,0
72.3,58.5,51.4,77.6,717.0,16.0,5.0,284.0,1
51.3,49.1,60.4,66.6,1131.0,6.0,7.0,306.0,2
91.5,100.0,100.0,76.5,345.0,6.0,0.0,201.0,0
95.4,64.5,82.6,82.2,255.0,9.0,0.0,163.0,0
42.1,37.2,64.0,25.8,1349.0,11.0,12.0,420.0,3
70.6,72.6,84.6,83.3,605.0,18.0,4.0,318.0,1
52.3,41.5,54.3,55.1,1204.0,8.0,5.0,397.0,2
77.7,46.6,59.0,64.3,614.0,7.0,4.0,218.0,1
74.2,76.2,66.8,95.4,420.0,16.0,1.0,181.0,0
52.9,49.3,40.0,42.5,791.0,7.0,5.0,374.0,2
40.5,53.1,29.7,71.3,999.0,14.0,9.0,295.0,2
51.7,51.6,53.7,46.9,959.0,17.0,12.0,318.0,2
84.3,79.2,78.7,93.3,274.0,11.0,0.0,109.0,0
79.6,99.5,77.8,84.7,200.0,10.0,0.0,133.0,0
87.6,87.7,91.4,89.2,593.0,18.0,0.0,203.0,0
76.4,95.1,67.4,88.0,290.0,7.0,1.0,167.0,0
59.0,67.1,53.9,74.1,459.0,11.0,4.0,284.0,1
52.1,36.7,47.5,50.2,1106.0,11.0,7.0,242.0,2
80.0,89.8,64.0,85.8,436.0,9.0,1.0,185.0,0
32.6,40.3,23.2,54.4,1373.0,9.0,12.0,359.0,3
40.1,23.8,29.5,41.4,1240.0,13.0,9.0,413.0,3
27.9,35.8,52.0,25.4,1375.0,10.0,10.0,260.0,3
47.6,34.7,56.7,49.6,1290.0,15.0,14.0,343.0,3
39.6,49.0,46.6,42.5,926.0,8.0,5.0,286.0,2
51.8,59.5,61.5,55.5,1073.0,11.0,10.0,357.0,2
83.9,84.2,50.9,88.0,440.0,12.0,0.0,144.0,0
26.2,33.3,9.6,22.3,1220.0,7.0,6.0,375.0,3
26.9,19.6,25.4,41.9,1400.0,18.0,5.0,309.0,3
79.9,63.0,40.4,68.2,554.0,18.0,3.0,190.0,1
74.3,79.5,70.0,83.4,720.0,14.0,2.0,240.0,1
45.7,57.9,61.6,57.8,928.0,6.0,7.0,217.0,2
49.4,57.0,26.8,55.7,829.0,15.0,4.0,391.0,2
44.6,28.3,32.2,32.4,1311.0,16.0,12.0,350.0,3
83.7,63.3,72.6,66.5,649.0,12.0,6.0,266.0,1
91.9,81.0,88.8,98.8,375.0,8.0,1.0,148.0,0
82.0,100.0,84.7,80.9,495.0,8.0,1.0,162.0,0
88.8,80.6,78.2,97.1,344.0,11.0,1.0,228.0,0
51.2,43.9,52.0,57.8,981.0,13.0,11.0,315.0,2
67.0,69.4,93.0,89.7,375.0,17.0,1.0,226.0,0
39.9,31.3,38.7,45.1,1380.0,15.0,7.0,416.0,3
94.3,82.7,65.5,76.3,499.0,11.0,0.0,207.0,0
75.1,58.7,73.4,63.2,560.0,11.0,5.0,276.0,1
92.5,82.3,70.2,74.3,551.0,8.0,2.0,102.0,0
77.1,84.6,58.8,80.0,727.0,13.0,9.0,124.0,1
60.3,62.0,67.9,79.7,707.0,7.0,4.0,200.0,1
92.7,68.3,72.0,88.1,433.0,13.0,0.0,218.0,0
51.0,76.9,65.6,77.8,657.0,15.0,7.0,280.0,1
70.5,69.5,76.2,79.6,710.0,18.0,3.0,329.0,1
76.7,70.8,86.2,84.0,316.0,8.0,0.0,60.0,0
95.6,81.4,70.8,74.3,327.0,18.0,0.0,204.0,0
33.3,34.4,50.7,31.7,1386.0,14.0,3.0,422.0,3
100.0,67.9,80.3,67.3,645.0,16.0,0.0,168.0,0
82.9,84.7,94.7,66.6,330.0,12.0,0.0,183.0,0
68.4,76.3,67.8,70.5,794.0,13.0,4.0,218.0,1
78.4,92.8,85.9,82.7,247.0,14.0,1.0,69.0,0
91.5,84.2,100.0,73.6,349.0,13.0,1.0,214.0,0
35.7,5.7,24.1,59.1,1252.0,12.0,8.0,363.0,3
47.8,39.5,50.1,42.9,826.0,13.0,5.0,291.0,2
54.4,63.1,62.7,74.8,810.0,6.0,5.0,179.0,1
37.5,69.1,49.2,48.0,977.0,18.0,10.0,331.0,2
35.8,53.3,72.4,53.2,975.0,9.0,4.0,338.0,2
38.2,38.2,1.4,26.4,1405.0,6.0,16.0,377.0,3
90.7,69.4,87.4,99.7,344.0,12.0,0.0,249.0,0
85.5,71.0,90.3,87.8,370.0,18.0,1.0,86.0,0
53.1,63.6,56.7,68.6,725.0,10.0,6.0,211.0,1
48.8,60.4,58.2,58.9,1001.0,16.0,8.0,298.0,2
72.9,87.0,76.4,79.4,446.0,14.0,0.0,142.0,0
26.1,35.5,21.0,29.2,1389.0,8.0,14.0,371.0,3
64.5,67.2,66.6,78.6,500.0,8.0,6.0,281.0,1
43.6,52.7,58.7,38.9,1069.0,8.0,7.0,276.0,2
67.4,57.7,48.7,61.9,750.0,16.0,3.0,251.0,1
58.7,56.2,62.6,50.4,923.0,11.0,11.0,219.0,2
80.2,75.7,86.7,81.7,358.0,7.0,0.0,123.0,0
43.3,41.4,45.9,51.6,1104.0,11.0,8.0,443.0,2
78.0,70.1,79.9,78.6,301.0,18.0,0.0,254.0,0
58.4,56.6,43.2,66.4,709.0,6.0,7.0,229.0,1
86.1,100.0,88.7,83.0,418.0,10.0,1.0,250.0,0
63.1,44.8,55.9,51.3,1029.0,16.0,9.0,260.0,2
76.7,86.9,76.7,88.6,412.0,15.0,0.0,131.0,0
53.0,57.7,43.2,49.0,852.0,13.0,6.0,300.0,2
38.5,62.9,65.7,36.9,1062.0,18.0,8.0,391.0,2
71.8,65.4,57.2,60.8,571.0,18.0,1.0,306.0,1
54.7,43.5,45.8,48.8,1026.0,6.0,7.0,280.0,2
65.8,84.3,79.7,100.0,398.0,15.0,1.0,274.0,0
83.8,79.1,73.0,77.5,221.0,13.0,1.0,236.0,0
100.0,80.0,56.3,73.8,398.0,13.0,0.0,288.0,0
71.2,77.2,92.0,64.1,288.0,8.0,0.0,210.0,0
78.2,79.0,56.1,71.1,343.0,17.0,0.0,119.0,0
77.0,82.2,82.9,94.0,235.0,6.0,1.0,177.0,0
88.6,52.8,71.2,72.1,418.0,7.0,1.0,214.0,0
20.8,42.4,25.4,32.1,1209.0,6.0,13.0,411.0,3
57.4,65.6,57.9,47.6,1005.0,13.0,12.0,265.0,2
89.8,88.7,72.7,91.6,472.0,6.0,0.0,202.0,0
81.8,92.8,76.4,87.7,442.0,10.0,0.0,180.0,0
56.8,60.6,33.7,59.9,676.0,9.0,1.0,267.0,1
46.5,72.7,70.1,64.5,642.0,12.0,1.0,246.0,1
74.4,86.5,77.4,78.3,406.0,8.0,0.0,173.0,0
82.8,89.9,81.6,92.6,289.0,8.0,0.0,281.0,0
45.8,27.4,29.1,48.7,1274.0,9.0,18.0,338.0,3
53.1,32.9,55.7,42.9,1123.0,17.0,10.0,231.0,2
73.7,97.1,78.0,87.2,303.0,12.0,1.0,144.0,0
32.2,46.5,51.6,47.8,1326.0,13.0,4.0,327.0,3
83.4,73.2,57.2,93.0,614.0,13.0,2.0,319.0,1
89.1,74.3,78.1,83.9,309.0,13.0,0.0,165.0,0
100.0,75.0,94.9,79.7,352.0,10.0,0.0,245.0,0
88.7,89.2,77.8,74.0,291.0,11.0,0.0,209.0,0
47.0,62.2,43.7,43.2,910.0,18.0,10.0,402.0,2
62.2,64.5,78.9,77.0,587.0,10.0,4.0,268.0,1
60.1,50.3,52.0,54.4,956.0,10.0,4.0,317.0,2
87.6,68.2,76.5,99.0,322.0,6.0,1.0,184.0,0
30.6,32.4,41.4,43.9,1319.0,6.0,11.0,327.0,3
74.0,74.2,65.2,71.6,567.0,11.0,4.0,320.0,1
51.1,40.1,49.3,55.1,1138.0,14.0,3.0,289.0,2
81.6,74.3,77.9,94.7,317.0,15.0,0.0,176.0,0
100.0,76.7,76.0,70.9,326.0,17.0,0.0,250.0,0
58.8,66.5,94.6,96.1,380.0,12.0,1.0,158.0,0
31.2,25.0,36.2,23.4,1153.0,6.0,10.0,335.0,3
48.1,52.3,56.3,56.8,1035.0,9.0,5.0,237.0,2
83.6,65.4,79.0,56.6,696.0,14.0,5.0,316.0,1
26.7,29.5,19.6,42.5,1495.0,14.0,9.0,341.0,3
14.4,41.3,36.1,24.4,1296.0,8.0,13.0,308.0,3
13.9,28.8,37.3,46.6,1344.0,12.0,10.0,350.0,3
57.1,78.1,65.3,62.0,458.0,13.0,3.0,217.0,1
73.8,76.2,67.7,58.9,766.0,8.0,6.0,295.0,1
94.5,79.6,70.1,78.7,304.0,10.0,0.0,211.0,0
91.3,84.6,83.4,100.0,457.0,6.0,1.0,159.0,0
47.8,38.4,27.9,41.3,855.0,18.0,9.0,323.0,2
70.7,85.7,84.7,81.7,227.0,13.0,0.0,236.0,0
35.2,33.5,34.4,63.2,754.0,11.0,8.0,294.0,2
73.3,83.7,76.3,76.8,200.0,13.0,1.0,118.0,0
40.1,35.8,28.1,30.1,1495.0,17.0,11.0,352.0,3
57.4,84.8,64.2,65.4,748.0,12.0,4.0,303.0,1
89.0,76.2,80.3,84.6,440.0,16.0,1.0,193.0,0
61.8,33.5,62.6,60.8,869.0,17.0,6.0,336.0,2
53.8,22.7,51.8,56.8,1291.0,6.0,10.0,253.0,3
81.1,88.5,81.0,82.1,224.0,12.0,0.0,216.0,0
74.4,77.3,100.0,85.9,333.0,11.0,0.0,237.0,0
58.3,60.0,45.2,44.3,978.0,17.0,4.0,352.0,2
30.6,32.3,49.0,49.7,1273.0,6.0,8.0,335.0,3
79.9,98.2,94.2,81.1,289.0,9.0,2.0,150.0,0
74.2,59.3,70.7,65.3,844.0,8.0,6.0,257.0,1
28.8,21.1,33.3,50.0,1332.0,11.0,13.0,323.0,3
34.1,50.2,40.4,55.8,889.0,16.0,8.0,260.0,2
90.0,90.3,81.5,100.0,278.0,11.0,1.0,181.0,0
61.3,24.4,59.6,64.7,1054.0,8.0,9.0,170.0,2
49.4,44.0,28.8,37.4,1025.0,6.0,5.0,261.0,2
63.5,38.6,54.3,48.2,1072.0,14.0,4.0,215.0,2
63.3,44.7,29.4,28.0,957.0,18.0,7.0,289.0,2
99.8,76.2,88.5,70.7,549.0,8.0,0.0,259.0,0
47.2,54.7,53.5,56.0,1041.0,11.0,5.0,302.0,2
75.6,63.6,68.3,83.9,605.0,17.0,3.0,92.0,1
15.7,37.7,18.6,47.9,1166.0,10.0,8.0,420.0,3
78.2,59.6,47.9,71.9,543.0,11.0,3.0,245.0,1
73.5,51.8,72.4,67.1,448.0,18.0,5.0,157.0,1
17.2,36.2,41.2,34.1,1343.0,14.0,11.0,387.0,3
54.9,60.3,39.5,52.4,1008.0,13.0,4.0,318.0,2
52.9,49.3,58.8,58.9,1005.0,6.0,5.0,327.0,2
66.8,44.7,67.5,57.4,923.0,12.0,9.0,240.0,2
80.5,89.7,74.2,73.4,340.0,15.0,0.0,173.0,0
38.2,33.6,38.7,36.0,1394.0,15.0,9.0,352.0,3
52.9,45.6,31.6,46.8,1009.0,15.0,14.0,306.0,2
43.2,28.3,47.1,28.7,972.0,15.0,10.0,432.0,2
83.4,64.9,86.4,81.9,241.0,9.0,1.0,162.0,0
66.2,58.0,64.8,78.8,717.0,16.0,4.0,197.0,1
47.5,51.8,38.3,53.1,895.0,8.0,9.0,244.0,2
76.2,70.2,65.9,81.9,653.0,6.0,2.0,360.0,1
73.9,81.6,86.5,90.9,398.0,10.0,0.0,120.0,0
78.8,59.1,47.4,47.2,672.0,13.0,4.0,190.0,1
27.7,45.3,17.5,46.7,839.0,7.0,2.0,195.0,2
68.9,78.0,69.9,69.9,491.0,9.0,0.0,211.0,0
92.8,74.0,62.2,79.3,393.0,12.0,0.0,174.0,0
48.8,58.9,72.9,65.8,622.0,9.0,4.0,353.0,1
94.6,74.8,63.7,84.5,200.0,16.0,0.0,219.0,0
42.1,64.5,59.4,52.9,981.0,12.0,6.0,336.0,2
51.7,53.8,57.6,68.6,1043.0,14.0,11.0,358.0,2
8.2,22.7,35.2,35.2,1374.0,7.0,10.0,362.0,3
41.3,40.5,59.8,69.1,1066.0,15.0,10.0,342.0,2
49.0,28.5,62.2,37.6,1232.0,8.0,5.0,374.0,3
52.4,42.3,48.3,48.1,960.0,13.0,7.0,309.0,2
90.4,98.5,100.0,92.0,235.0,12.0,1.0,96.0,0
74.4,97.2,100.0,92.2,296.0,7.0,0.0,150.0,0
60.9,66.2,65.0,77.8,777.0,15.0,7.0,182.0,1
80.2,75.7,58.9,74.8,435.0,15.0,0.0,265.0,0
73.3,74.3,46.3,72.4,688.0,8.0,4.0,268.0,1
79.2,82.3,81.0,88.9,368.0,9.0,1.0,229.0,0
61.8,59.2,70.1,72.4,459.0,10.0,2.0,217.0,1
62.5,75.6,72.1,59.9,672.0,11.0,4.0,240.0,1
40.5,22.2,41.9,33.3,1261.0,6.0,13.0,301.0,3
41.2,55.9,73.2,48.3,869.0,7.0,8.0,271.0,2
100.0,90.5,95.8,87.4,297.0,17.0,0.0,231.0,0
53.8,42.9,69.8,41.8,1127.0,13.0,4.0,350.0,2
40.9,15.2,39.1,54.6,1326.0,18.0,11.0,405.0,3
39.7,35.7,43.2,40.8,1107.0,15.0,3.0,275.0,2
63.8,64.6,54.2,64.2,782.0,15.0,3.0,189.0,1
100.0,50.1,85.9,73.0,308.0,9.0,1.0,205.0,0
72.0,55.7,52.1,58.6,631.0,8.0,8.0,216.0,1
23.9,32.8,17.6,52.4,1295.0,9.0,14.0,390.0,3
97.8,51.3,56.4,65.4,711.0,8.0,4.0,218.0,1
71.7,62.2,61.7,43.1,602.0,16.0,7.0,260.0,1
79.2,89.7,100.0,76.4,311.0,16.0,0.0,297.0,0
49.7,56.5,70.2,57.7,831.0,12.0,7.0,343.0,2
62.3,75.2,71.4,64.4,588.0,17.0,3.0,316.0,1
52.4,49.5,37.0,38.1,863.0,16.0,8.0,255.0,2
60.7,49.3,59.3,66.5,801.0,9.0,8.0,200.0,2
60.6,26.1,57.0,44.2,1043.0,7.0,8.0,326.0,2
72.4,67.3,53.3,80.6,572.0,15.0,7.0,277.0,1
99.5,91.2,83.5,79.8,332.0,7.0,0.0,240.0,0
67.4,52.6,80.0,72.4,740.0,10.0,7.0,352.0,1
47.1,45.9,49.6,55.5,1212.0,18.0,9.0,278.0,2
82.1,87.0,70.4,79.8,274.0,7.0,0.0,221.0,0
81.5,66.4,56.9,61.4,753.0,10.0,9.0,245.0,1
63.9,69.6,71.1,61.8,628.0,9.0,1.0,297.0,1
67.3,78.2,80.9,68.5,703.0,7.0,7.0,193.0,1
60.1,61.1,43.7,75.0,577.0,9.0,6.0,328.0,1
56.9,60.9,72.2,69.3,861.0,18.0,2.0,218.0,1
46.5,57.2,47.3,51.0,916.0,15.0,7.0,330.0,2
50.3,47.7,37.6,60.7,1266.0,9.0,12.0,248.0,2
59.3,50.6,18.5,49.8,917.0,17.0,8.0,346.0,2
56.7,32.3,48.7,56.3,990.0,18.0,6.0,202.0,2
39.3,28.2,41.0,32.4,1490.0,9.0,8.0,399.0,3
62.0,33.5,72.1,61.4,1007.0,12.0,12.0,323.0,2
28.8,23.3,40.0,31.0,1324.0,6.0,9.0,375.0,3
16.2,14.2,24.5,33.7,1208.0,15.0,6.0,370.0,3
46.9,47.7,46.3,59.3,1057.0,7.0,4.0,239.0,2
83.1,48.4,54.0,53.8,851.0,14.0,2.0,187.0,1
65.1,96.0,76.3,74.9,419.0,17.0,0.0,138.0,0
45.9,28.5,51.4,59.7,925.0,11.0,6.0,306.0,2
80.2,48.4,54.2,91.2,474.0,14.0,6.0,297.0,1
49.3,36.4,57.5,44.8,1084.0,13.0,8.0,314.0,2
56.4,54.1,97.9,54.8,682.0,12.0,2.0,269.0,1
49.9,69.2,59.1,51.1,1030.0,13.0,6.0,278.0,2
81.9,81.7,85.0,80.5,374.0,6.0,1.0,166.0,0
89.7,63.3,97.9,81.9,258.0,15.0,0.0,157.0,0
44.6,37.9,38.7,55.3,1018.0,7.0,9.0,303.0,2
72.4,58.3,69.3,64.7,718.0,15.0,3.0,380.0,1
36.2,18.1,24.2,51.3,1170.0,16.0,10.0,240.0,3
69.4,64.9,43.9,53.9,610.0,7.0,0.0,223.0,1
55.0,46.6,81.9,45.1,882.0,12.0,9.0,328.0,2
78.5,94.2,84.9,100.0,200.0,9.0,0.0,221.0,0
29.8,32.4,30.5,34.8,1202.0,10.0,15.0,288.0,3
70.9,74.4,83.6,74.7,235.0,10.0,1.0,146.0,0
88.4,98.5,82.1,68.8,273.0,16.0,0.0,189.0,0
56.7,77.3,76.9,64.6,701.0,9.0,7.0,237.0,1
50.1,67.6,45.1,69.2,598.0,14.0,3.0,205.0,1
75.7,59.1,61.2,81.2,714.0,18.0,4.0,150.0,1
38.3,17.2,26.3,31.6,1205.0,15.0,10.0,358.0,3
82.5,76.6,76.1,72.1,259.0,11.0,0.0,225.0,0
43.0,56.2,40.2,66.1,1013.0,16.0,5.0,285.0,2
54.5,69.3,44.8,34.2,1139.0,11.0,10.0,320.0,2
65.0,45.7,27.6,56.5,1061.0,16.0,4.0,302.0,2
74.0,55.4,53.5,75.2,615.0,15.0,2.0,221.0,1
84.2,89.0,63.5,89.6,320.0,9.0,0.0,169.0,0
51.8,46.2,36.9,53.9,1135.0,16.0,5.0,285.0,2
71.7,67.8,86.8,82.7,306.0,6.0,0.0,192.0,0
66.6,70.5,58.9,51.6,716.0,11.0,1.0,307.0,1
86.0,78.0,84.7,88.5,349.0,13.0,2.0,173.0,0
10.1,28.4,20.2,26.9,1278.0,10.0,12.0,420.0,3
58.6,32.8,50.2,41.9,930.0,8.0,6.0,205.0,2
71.3,40.3,68.6,68.6,597.0,11.0,5.0,154.0,1
52.7,30.8,38.4,40.6,942.0,18.0,5.0,325.0,2
32.3,4.2,28.1,43.0,1304.0,7.0,7.0,377.0,3
63.5,45.8,72.9,81.3,498.0,10.0,5.0,272.0,1
62.3,50.9,61.7,34.5,1057.0,14.0,8.0,242.0,2
27.6,27.0,37.2,54.8,1409.0,16.0,13.0,478.0,3
20.8,16.9,18.8,31.8,1264.0,10.0,10.0,330.0,3
71.2,85.8,82.2,68.0,379.0,9.0,1.0,99.0,0
89.1,84.7,66.0,70.6,505.0,11.0,1.0,236.0,0
52.2,36.4,42.5,60.3,1013.0,8.0,6.0,365.0,2
79.0,82.6,91.6,82.0,462.0,8.0,1.0,232.0,0
48.4,47.7,56.7,41.8,875.0,16.0,7.0,230.0,2
34.8,68.7,35.1,54.3,899.0,15.0,5.0,262.0,2
38.8,34.7,38.6,44.3,1324.0,17.0,6.0,284.0,3
53.7,84.4,78.0,63.4,760.0,16.0,0.0,108.0,1
77.5,100.0,69.4,94.3,327.0,16.0,1.0,170.0,0
43.0,39.1,27.3,54.1,909.0,12.0,7.0,327.0,2
48.8,41.0,49.4,63.0,1100.0,7.0,11.0,314.0,2
49.9,57.3,80.9,54.3,916.0,16.0,3.0,179.0,2
25.1,26.5,33.6,39.3,1239.0,15.0,10.0,334.0,3
54.3,57.2,61.2,71.6,777.0,8.0,4.0,323.0,1
99.8,81.6,74.3,92.8,200.0,7.0,1.0,152.0,0
53.1,80.4,74.3,58.0,495.0,8.0,2.0,325.0,1
67.7,70.0,55.4,85.4,529.0,11.0,2.0,152.0,1
74.2,63.2,46.9,61.1,831.0,14.0,4.0,217.0,1
76.5,79.5,71.0,73.8,359.0,6.0,1.0,115.0,0
64.6,59.9,80.7,94.4,644.0,10.0,2.0,248.0,1
59.0,52.6,55.9,52.4,700.0,7.0,2.0,243.0,1
100.0,81.6,78.0,93.6,520.0,12.0,0.0,266.0,0
69.9,68.4,57.1,65.8,731.0,12.0,3.0,226.0,1
13.9,41.4,51.2,54.0,1314.0,16.0,11.0,352.0,3
36.3,47.0,39.0,20.2,1239.0,17.0,9.0,295.0,3
39.3,23.1,55.8,41.7,972.0,15.0,2.0,329.0,2
47.0,48.1,44.8,60.1,1199.0,6.0,8.0,334.0,2
53.5,60.6,47.6,53.8,1034.0,8.0,7.0,271.0,2
4.8,23.4,38.8,42.9,1316.0,6.0,12.0,371.0,3
67.0,64.4,78.7,54.5,815.0,8.0,4.0,238.0,1
40.1,36.0,32.2,62.9,1004.0,8.0,7.0,225.0,2
83.1,72.6,77.2,66.1,649.0,7.0,5.0,378.0,1
87.6,59.1,93.0,71.1,215.0,9.0,2.0,249.0,0
39.9,51.0,60.8,60.7,807.0,14.0,8.0,372.0,2
66.3,88.5,81.5,71.8,200.0,16.0,0.0,144.0,0
35.9,36.9,35.6,40.6,916.0,16.0,11.0,222.0,2
58.5,52.0,40.3,35.7,917.0,18.0,4.0,181.0,2
61.3,66.1,47.2,52.1,546.0,9.0,4.0,283.0,1
71.3,49.5,46.1,71.4,740.0,17.0,3.0,213.0,1
74.3,54.3,80.5,67.8,767.0,10.0,1.0,297.0,1
56.3,58.9,15.3,53.8,1075.0,7.0,4.0,344.0,2
21.5,15.8,52.5,24.0,1350.0,6.0,9.0,351.0,3
31.6,21.0,42.9,48.5,984.0,14.0,5.0,350.0,2
59.3,79.9,55.2,67.8,522.0,10.0,5.0,252.0,1
29.1,23.2,29.8,30.5,1268.0,8.0,15.0,316.0,3
72.3,66.8,71.3,54.5,673.0,16.0,3.0,162.0,1
59.1,49.6,71.0,61.7,751.0,9.0,2.0,204.0,1
68.1,51.8,41.1,81.7,756.0,10.0,3.0,211.0,1
79.7,75.9,84.1,70.5,472.0,15.0,1.0,111.0,0
82.5,75.3,73.0,85.7,396.0,16.0,1.0,197.0,0
93.2,73.4,81.7,97.0,422.0,17.0,0.0,60.0,0
40.0,11.6,40.3,33.6,1459.0,17.0,8.0,351.0,3
72.0,80.1,67.3,99.2,372.0,11.0,0.0,127.0,0
80.3,78.9,67.9,76.4,265.0,6.0,2.0,122.0,0
85.1,74.0,72.0,94.2,496.0,8.0,0.0,289.0,0
75.3,61.0,65.3,68.8,750.0,18.0,4.0,260.0,1
35.4,29.1,36.6,43.9,1454.0,17.0,6.0,361.0,3
33.6,37.2,50.8,57.9,866.0,6.0,4.0,337.0,2
55.4,63.3,29.1,65.5,1007.0,16.0,3.0,336.0,2
79.9,86.8,71.0,68.5,358.0,11.0,0.0,257.0,0
83.1,76.0,80.9,91.1,424.0,15.0,0.0,199.0,0
28.3,50.0,20.9,49.9,933.0,13.0,7.0,381.0,2
60.9,69.7,79.3,66.3,535.0,6.0,6.0,254.0,1
57.6,59.0,38.8,69.3,932.0,11.0,12.0,277.0,2
35.0,36.3,39.7,35.0,1266.0,12.0,10.0,399.0,3
85.7,81.8,69.4,81.6,360.0,13.0,2.0,306.0,0
87.1,91.1,100.0,71.6,337.0,6.0,0.0,179.0,0
36.0,37.1,36.7,57.3,1447.0,12.0,8.0,381.0,3
74.2,73.7,58.1,83.8,598.0,7.0,2.0,200.0,1
30.0,32.5,20.0,30.4,1276.0,7.0,7.0,313.0,3
36.0,46.8,47.6,79.3,937.0,6.0,7.0,288.0,2
44.8,77.1,69.8,70.9,475.0,17.0,4.0,246.0,1
56.0,52.8,79.5,63.5,951.0,14.0,6.0,341.0,2
72.2,63.9,68.1,65.8,499.0,17.0,4.0,190.0,1
93.6,84.3,71.9,90.5,304.0,8.0,0.0,60.0,0
70.1,51.9,65.9,59.8,607.0,6.0,3.0,225.0,1
83.9,81.7,82.0,91.9,278.0,7.0,1.0,87.0,0
78.1,44.6,80.1,55.9,580.0,13.0,4.0,346.0,1
73.7,68.0,52.2,66.4,700.0,6.0,3.0,226.0,1
25.5,39.8,31.1,32.5,1240.0,15.0,11.0,343.0,3
34.9,16.9,21.7,44.4,1390.0,8.0,12.0,427.0,3
55.1,84.9,62.3,70.9,838.0,9.0,6.0,246.0,1
69.7,100.0,90.6,91.8,524.0,7.0,0.0,192.0,0
77.3,62.9,56.9,55.1,648.0,6.0,2.0,203.0,1
75.0,67.4,64.4,74.2,669.0,9.0,3.0,340.0,1
33.0,23.5,12.3,13.8,1394.0,15.0,13.0,417.0,3
66.8,47.6,68.7,73.5,526.0,14.0,1.0,166.0,1
83.1,81.6,80.1,65.0,337.0,8.0,1.0,165.0,0
86.2,76.7,71.0,82.3,387.0,17.0,0.0,60.0,0
18.5,14.1,41.9,28.8,1404.0,8.0,10.0,383.0,3
66.2,69.2,64.0,64.9,665.0,7.0,2.0,147.0,1
63.5,53.7,48.7,91.4,589.0,12.0,4.0,309.0,1
13.1,25.0,29.3,44.5,1297.0,7.0,14.0,374.0,3
90.1,86.9,54.2,82.9,200.0,13.0,1.0,265.0,0
40.8,71.8,66.9,95.8,558.0,15.0,2.0,277.0,1
41.6,51.3,32.3,45.4,998.0,16.0,6.0,270.0,2
29.4,18.4,32.5,41.1,1477.0,14.0,9.0,404.0,3
69.9,52.5,51.5,45.9,432.0,17.0,2.0,320.0,1
76.2,92.1,86.2,89.5,321.0,11.0,0.0,122.0,0
41.6,51.4,61.5,45.0,1025.0,6.0,9.0,338.0,2
42.9,50.3,42.7,49.0,1035.0,15.0,11.0,278.0,2
80.3,81.4,71.7,84.5,504.0,14.0,0.0,192.0,0
67.9,100.0,87.4,87.3,407.0,16.0,1.0,245.0,0
100.0,89.5,82.7,77.5,384.0,9.0,0.0,153.0,0
66.8,68.0,74.4,70.2,831.0,17.0,3.0,156.0,1
63.1,55.2,49.8,46.7,925.0,12.0,9.0,347.0,2
16.9,31.9,13.7,49.6,1181.0,18.0,12.0,296.0,3
76.5,71.1,68.0,61.3,646.0,10.0,5.0,201.0,1
19.3,22.4,39.5,36.2,1408.0,7.0,12.0,382.0,3
47.1,29.5,41.8,39.8,1324.0,10.0,7.0,300.0,3
69.4,64.5,43.0,57.2,600.0,18.0,3.0,235.0,1
68.5,77.8,52.3,75.3,497.0,16.0,2.0,165.0,1
91.6,89.7,82.2,85.2,442.0,15.0,0.0,209.0,0
55.8,73.1,77.0,55.1,557.0,11.0,5.0,278.0,1
47.6,53.6,42.4,58.9,1055.0,6.0,7.0,256.0,2
77.9,87.2,84.6,91.7,439.0,17.0,1.0,127.0,0
83.5,76.5,60.9,77.3,297.0,12.0,0.0,210.0,0
22.2,25.7,34.6,20.2,1285.0,8.0,10.0,412.0,3
50.1,83.4,78.6,41.3,629.0,9.0,9.0,170.0,1
92.6,86.0,78.9,87.2,535.0,18.0,1.0,201.0,0
65.2,52.6,32.9,56.0,885.0,7.0,4.0,254.0,2
87.4,71.9,66.3,69.4,585.0,12.0,1.0,143.0,1
67.2,79.2,86.7,64.4,667.0,17.0,4.0,250.0,1
24.0,26.7,7.2,31.9,1236.0,12.0,13.0,536.0,3
70.8,69.6,47.1,71.1,837.0,16.0,3.0,311.0,1
73.0,51.5,39.1,48.6,960.0,11.0,8.0,346.0,2
67.4,58.2,56.6,49.1,1118.0,7.0,6.0,265.0,2
52.9,57.0,49.6,58.5,930.0,7.0,10.0,219.0,2
27.8,11.8,11.5,33.8,1415.0,17.0,9.0,390.0,3
90.4,95.1,76.9,90.8,425.0,13.0,1.0,305.0,0
85.7,100.0,87.6,80.8,327.0,11.0,1.0,139.0,0
84.8,85.8,91.0,79.2,370.0,17.0,1.0,215.0,0
44.1,48.3,29.6,34.0,1141.0,8.0,4.0,315.0,2
39.6,52.6,70.4,44.6,1039.0,9.0,3.0,274.0,2
29.9,26.5,39.3,39.0,1234.0,9.0,16.0,396.0,3
76.8,67.9,79.7,84.6,391.0,9.0,0.0,297.0,0
64.6,63.6,69.8,90.9,258.0,14.0,0.0,146.0,0
98.7,67.9,68.9,83.3,292.0,9.0,0.0,211.0,0
82.6,91.8,83.2,63.0,358.0,14.0,1.0,72.0,0
68.6,74.6,68.9,71.3,786.0,11.0,2.0,161.0,1
59.4,41.2,49.9,42.5,920.0,6.0,5.0,340.0,2
68.4,37.2,61.8,55.3,1156.0,10.0,8.0,239.0,2
64.6,67.8,77.1,64.9,743.0,7.0,7.0,235.0,1
12.9,22.5,35.0,31.4,1308.0,17.0,13.0,366.0,3
81.7,88.8,90.1,81.9,494.0,6.0,0.0,118.0,0
83.0,66.5,63.3,83.5,699.0,10.0,1.0,238.0,1
73.1,61.2,66.2,89.4,533.0,16.0,4.0,259.0,1
65.8,77.4,64.9,49.6,738.0,7.0,3.0,175.0,1
37.5,34.3,54.2,36.1,1206.0,18.0,7.0,217.0,3
52.6,38.3,66.9,46.7,1033.0,16.0,11.0,320.0,2
68.3,55.7,62.7,65.0,557.0,7.0,0.0,304.0,1
34.7,34.0,0.0,42.0,1242.0,15.0,14.0,334.0,3
75.1,40.9,69.6,67.3,669.0,13.0,7.0,201.0,1
87.3,93.6,89.1,76.5,389.0,18.0,0.0,167.0,0
72.0,63.9,66.8,68.6,657.0,11.0,4.0,217.0,1
52.0,26.4,40.0,43.7,1561.0,7.0,9.0,387.0,3
27.9,32.5,23.5,38.8,1305.0,10.0,11.0,384.0,3
63.0,70.0,33.9,82.7,625.0,12.0,6.0,275.0,1
88.4,84.0,63.1,73.4,376.0,16.0,0.0,180.0,0
65.7,74.1,39.0,83.8,554.0,11.0,1.0,227.0,1
46.1,45.7,39.8,66.0,933.0,6.0,7.0,400.0,2
35.6,60.0,31.0,49.6,965.0,7.0,9.0,357.0,2
29.6,26.7,45.1,43.6,1258.0,8.0,15.0,266.0,3
40.3,69.9,39.0,50.6,1037.0,8.0,6.0,318.0,2
74.2,84.6,82.4,80.5,489.0,13.0,0.0,180.0,0
80.8,78.4,95.8,87.1,239.0,14.0,0.0,283.0,0
48.6,27.1,23.0,47.6,1001.0,11.0,11.0,355.0,2
60.6,21.7,60.3,55.5,1300.0,7.0,7.0,293.0,2
59.9,71.1,85.8,79.3,837.0,13.0,1.0,199.0,1
82.6,91.6,53.9,85.3,277.0,11.0,0.0,169.0,0
37.9,65.6,72.5,56.5,631.0,15.0,1.0,208.0,1
24.1,33.7,31.8,35.3,1250.0,15.0,12.0,353.0,3
31.3,27.2,26.8,31.7,1231.0,12.0,8.0,260.0,3
68.5,52.1,54.2,51.4,1078.0,15.0,8.0,271.0,2
56.2,33.2,54.5,57.4,1000.0,10.0,10.0,317.0,2
65.9,48.5,67.6,73.1,759.0,9.0,2.0,200.0,1
84.7,83.3,67.2,75.1,359.0,13.0,0.0,153.0,0
67.0,73.3,64.2,81.3,513.0,12.0,0.0,268.0,1
30.8,25.6,38.8,46.6,1149.0,9.0,16.0,357.0,3
56.3,69.3,65.6,52.6,605.0,16.0,2.0,307.0,1
72.9,67.8,50.8,63.6,555.0,16.0,5.0,290.0,1
92.5,81.4,77.8,78.3,265.0,14.0,0.0,172.0,0
69.5,63.0,80.5,68.9,659.0,15.0,1.0,277.0,1
22.2,42.2,44.7,31.1,1329.0,14.0,14.0,383.0,3
54.8,73.0,51.9,62.3,539.0,7.0,0.0,208.0,1
77.3,66.3,73.7,87.7,330.0,18.0,0.0,147.0,0
80.6,89.2,65.6,97.2,405.0,12.0,0.0,172.0,0
57.6,97.1,63.5,58.8,824.0,9.0,3.0,275.0,1
79.3,78.0,45.0,65.2,624.0,9.0,7.0,308.0,1
66.4,67.2,56.8,63.1,745.0,17.0,3.0,218.0,1
68.5,59.6,56.2,59.8,617.0,10.0,4.0,311.0,1
80.4,52.3,80.4,95.7,379.0,16.0,0.0,174.0,0
44.1,63.0,50.2,40.7,1083.0,8.0,8.0,320.0,2
24.2,24.9,29.2,40.7,1170.0,16.0,8.0,398.0,3
72.7,87.9,70.2,74.6,777.0,9.0,4.0,256.0,1
60.2,71.7,54.2,77.1,640.0,15.0,4.0,158.0,1
74.8,73.6,48.4,68.8,752.0,18.0,3.0,237.0,1
49.1,41.1,33.8,48.3,981.0,10.0,5.0,271.0,2
47.6,20.3,10.1,38.2,1133.0,14.0,15.0,362.0,3
82.7,86.5,80.6,65.0,517.0,12.0,1.0,60.0,0
54.3,74.3,74.0,65.4,748.0,15.0,2.0,284.0,1
48.4,39.9,28.3,40.0,1208.0,13.0,9.0,417.0,3
74.8,100.0,69.8,82.0,255.0,15.0,3.0,210.0,0
50.7,72.6,54.6,44.9,875.0,15.0,4.0,280.0,2
41.3,37.4,55.0,41.1,1259.0,6.0,8.0,314.0,3
84.1,81.6,85.4,67.4,233.0,10.0,0.0,134.0,0
74.3,59.7,61.4,78.7,741.0,8.0,4.0,220.0,1
81.8,65.2,80.0,50.1,654.0,15.0,2.0,151.0,1
60.5,73.5,56.9,67.5,644.0,10.0,3.0,214.0,1
32.5,23.3,23.9,45.5,1234.0,8.0,9.0,297.0,3
84.8,84.1,78.0,71.1,375.0,15.0,2.0,142.0,0
69.8,25.3,58.6,59.6,966.0,13.0,11.0,250.0,2
41.8,51.4,56.8,46.3,872.0,15.0,9.0,246.0,2
93.1,99.4,57.6,73.0,210.0,11.0,2.0,240.0,0
88.0,66.5,77.3,82.5,559.0,15.0,0.0,248.0,0
43.3,67.3,47.9,44.7,895.0,8.0,9.0,279.0,2
54.5,54.0,37.1,60.2,1055.0,13.0,8.0,234.0,2
93.3,73.7,71.1,94.2,441.0,17.0,2.0,109.0,0
88.2,100.0,84.0,76.5,258.0,13.0,2.0,208.0,0
48.1,66.7,40.4,57.0,968.0,17.0,3.0,292.0,2
82.9,71.6,65.6,76.3,566.0,10.0,2.0,117.0,1
67.9,59.5,59.0,68.8,552.0,10.0,2.0,315.0,1
53.1,50.5,49.4,41.2,915.0,14.0,8.0,186.0,2
46.6,39.3,39.2,22.5,952.0,14.0,7.0,278.0,2
32.0,57.9,37.7,50.5,985.0,18.0,10.0,329.0,2
82.2,81.5,77.1,86.5,286.0,6.0,1.0,258.0,0
46.1,59.5,38.2,44.2,786.0,11.0,0.0,339.0,1
88.5,64.9,54.3,72.5,852.0,10.0,5.0,245.0,1
97.4,88.3,71.3,87.9,380.0,17.0,0.0,244.0,0
84.5,84.4,78.6,100.0,386.0,7.0,2.0,124.0,0
86.0,93.8,94.7,100.0,545.0,9.0,1.0,253.0,0
70.9,84.5,100.0,73.1,217.0,6.0,0.0,95.0,0
59.0,60.9,79.1,72.2,618.0,16.0,3.0,360.0,1
72.8,63.8,99.7,86.6,313.0,18.0,0.0,167.0,0
73.4,55.6,53.3,73.2,633.0,15.0,4.0,267.0,1
20.7,15.9,43.5,25.6,1270.0,10.0,9.0,343.0,3
56.5,45.8,80.3,69.1,626.0,9.0,0.0,294.0,1
26.6,40.4,29.9,51.5,1303.0,7.0,12.0,363.0,3
83.6,89.0,99.5,86.6,267.0,17.0,0.0,233.0,0
72.9,75.2,71.7,81.0,713.0,18.0,7.0,253.0,1
81.2,68.5,67.2,83.5,327.0,10.0,1.0,226.0,0
54.3,78.8,64.4,82.2,752.0,12.0,1.0,221.0,1
51.3,36.0,24.5,45.9,1324.0,9.0,15.0,407.0,3
74.4,65.3,66.2,67.8,694.0,13.0,5.0,333.0,1
64.8,56.2,57.5,51.7,1005.0,6.0,5.0,281.0,2
81.7,87.4,72.2,94.2,272.0,8.0,0.0,312.0,0
36.8,46.0,46.1,44.6,1081.0,14.0,12.0,375.0,2
46.7,42.2,52.5,53.3,1246.0,13.0,10.0,241.0,2
74.3,51.6,62.7,57.6,768.0,6.0,3.0,327.0,1
33.1,32.4,41.0,32.0,1371.0,17.0,10.0,324.0,3
93.8,79.8,76.9,97.2,388.0,15.0,0.0,123.0,0
87.9,71.6,73.1,77.0,263.0,12.0,0.0,212.0,0
70.1,56.8,47.5,74.0,636.0,13.0,2.0,312.0,1
90.4,74.8,42.4,65.6,839.0,6.0,2.0,220.0,1
55.9,47.7,37.9,36.0,982.0,10.0,4.0,423.0,2
59.7,64.8,75.4,83.0,816.0,9.0,1.0,170.0,1
57.5,67.4,58.0,79.7,577.0,14.0,5.0,192.0,1
51.8,43.1,35.9,32.6,1244.0,17.0,7.0,249.0,2
81.5,91.4,86.6,95.4,377.0,14.0,0.0,162.0,0
22.2,43.8,17.7,18.2,1188.0,6.0,13.0,389.0,3
88.1,90.0,83.3,75.8,384.0,10.0,0.0,175.0,0
79.3,85.8,78.3,80.1,411.0,8.0,0.0,279.0,0
67.5,35.8,42.3,48.4,1063.0,15.0,7.0,291.0,2
51.5,37.8,45.2,50.6,1012.0,17.0,6.0,266.0,2
26.1,46.1,45.0,42.3,1366.0,11.0,12.0,321.0,3
65.6,45.5,68.8,63.3,563.0,8.0,4.0,178.0,1
69.9,65.9,87.9,59.1,642.0,10.0,6.0,169.0,1
34.5,21.3,31.8,47.5,1268.0,6.0,13.0,371.0,3
80.5,86.7,85.5,91.0,474.0,15.0,1.0,257.0,0
48.7,55.6,54.6,51.2,1022.0,14.0,6.0,175.0,2
60.4,69.7,74.4,57.7,607.0,11.0,7.0,238.0,1
35.8,15.0,37.1,44.6,1270.0,16.0,11.0,353.0,3
27.4,41.2,15.3,46.2,1284.0,7.0,11.0,404.0,3
73.9,53.2,74.8,73.3,591.0,8.0,2.0,312.0,1
91.3,84.0,88.1,73.3,387.0,11.0,2.0,129.0,0
79.4,77.7,73.4,74.0,459.0,9.0,2.0,222.0,0
74.6,82.9,68.0,87.2,200.0,11.0,0.0,60.0,0
43.1,30.2,30.9,34.0,1308.0,14.0,14.0,307.0,3
40.3,21.9,39.6,35.3,1445.0,13.0,9.0,267.0,3
34.1,42.7,33.5,18.5,1287.0,18.0,10.0,477.0,3
29.2,39.0,24.3,38.8,1275.0,18.0,10.0,275.0,3
75.2,81.4,82.3,76.8,417.0,16.0,0.0,126.0,0
22.0,37.3,44.8,53.2,1246.0,12.0,11.0,366.0,3
64.8,59.1,45.9,54.8,576.0,12.0,2.0,251.0,1
90.8,64.9,94.6,89.8,256.0,16.0,1.0,96.0,0
89.7,84.0,84.7,100.0,350.0,7.0,0.0,185.0,0
61.5,29.7,52.7,59.3,1160.0,9.0,2.0,368.0,2
58.8,48.9,50.0,42.3,1088.0,14.0,7.0,346.0,2
74.9,83.2,71.9,61.5,405.0,13.0,0.0,149.0,0
47.5,58.6,44.0,46.4,1075.0,15.0,5.0,271.0,2
69.0,54.2,84.5,69.6,743.0,10.0,4.0,196.0,1
38.4,27.9,41.3,18.8,1260.0,17.0,16.0,353.0,3
90.8,69.9,91.7,78.2,359.0,10.0,0.0,205.0,0
73.6,55.3,44.0,45.0,1019.0,18.0,11.0,197.0,2
81.8,68.0,63.3,69.4,753.0,13.0,5.0,246.0,1
19.9,58.9,29.9,44.4,1428.0,6.0,17.0,279.0,3
59.6,57.7,68.8,67.3,507.0,14.0,2.0,184.0,1
52.6,20.5,44.9,35.1,1326.0,18.0,11.0,351.0,3
55.3,64.0,57.1,53.1,1012.0,18.0,4.0,163.0,2
56.7,72.3,89.3,55.3,693.0,13.0,6.0,241.0,1
43.7,33.6,11.5,35.2,1637.0,14.0,11.0,382.0,3
72.6,93.5,75.2,60.0,423.0,15.0,0.0,192.0,0
74.4,68.1,56.2,62.1,793.0,7.0,4.0,126.0,1
54.3,36.9,0.0,40.5,1130.0,17.0,8.0,368.0,3
95.9,98.0,56.4,84.8,264.0,15.0,0.0,205.0,0
73.5,71.1,80.5,72.1,407.0,11.0,0.0,276.0,0
33.3,34.0,27.9,38.2,1231.0,8.0,12.0,401.0,3
71.2,65.9,85.1,73.5,513.0,6.0,1.0,210.0,0
44.0,21.2,40.3,31.9,1448.0,10.0,17.0,385.0,3
66.8,59.5,66.3,55.3,866.0,9.0,6.0,316.0,2
91.8,78.9,76.7,78.1,302.0,10.0,1.0,261.0,0
65.4,82.8,73.4,84.1,433.0,11.0,1.0,139.0,0
64.4,59.1,49.2,64.4,593.0,11.0,9.0,177.0,1
66.8,70.2,82.4,59.8,661.0,10.0,4.0,213.0,1
34.0,45.6,47.4,43.5,797.0,12.0,8.0,237.0,2
79.2,85.8,86.6,82.2,473.0,7.0,0.0,257.0,0
9.2,19.8,43.5,51.9,1189.0,9.0,9.0,508.0,3
49.6,22.5,54.5,29.0,1246.0,11.0,12.0,478.0,3
62.2,84.0,62.0,80.8,600.0,6.0,9.0,307.0,1
23.2,32.9,41.5,28.5,1188.0,6.0,6.0,314.0,3
68.3,70.9,57.3,67.5,850.0,18.0,2.0,203.0,1
18.2,8.7,13.7,31.6,1347.0,6.0,9.0,310.0,3
36.5,28.5,38.3,62.0,915.0,14.0,4.0,338.0,2
59.7,50.0,44.5,39.5,1107.0,9.0,7.0,279.0,2
49.0,44.1,45.8,52.8,1173.0,12.0,10.0,189.0,2
57.9,65.7,40.3,65.3,895.0,7.0,7.0,237.0,2
20.6,25.8,53.0,55.0,1522.0,16.0,11.0,355.0,3
41.6,42.6,55.8,39.6,1057.0,7.0,6.0,281.0,2
36.6,45.3,31.1,45.5,1236.0,12.0,8.0,323.0,3
53.0,74.4,59.1,77.6,435.0,7.0,5.0,297.0,1
41.2,43.0,51.4,55.0,1141.0,13.0,11.0,296.0,3
75.3,75.7,79.8,82.5,249.0,14.0,1.0,164.0,0
66.5,53.6,58.7,61.0,937.0,12.0,3.0,257.0,1
50.7,56.8,18.9,56.6,996.0,17.0,8.0,208.0,2
66.9,67.3,78.4,81.1,726.0,15.0,5.0,262.0,1
34.3,36.8,22.3,45.5,1219.0,18.0,10.0,363.0,3
76.7,58.9,67.9,68.7,507.0,6.0,2.0,262.0,1
69.1,72.1,53.3,61.2,541.0,8.0,3.0,244.0,1
78.2,71.3,86.5,73.9,537.0,9.0,0.0,239.0,0
35.1,16.9,5.7,28.0,1185.0,15.0,9.0,414.0,3
30.1,25.0,43.4,27.3,1285.0,14.0,13.0,364.0,3
76.7,100.0,68.3,91.9,476.0,9.0,0.0,243.0,0
42.2,38.6,55.6,61.7,1119.0,17.0,8.0,334.0,2
51.8,44.5,42.7,46.1,974.0,10.0,4.0,313.0,2
51.2,30.0,10.9,41.7,1315.0,11.0,10.0,366.0,3
77.0,66.5,70.9,86.7,289.0,10.0,0.0,195.0,0
36.6,45.2,53.5,69.8,850.0,15.0,10.0,257.0,2
52.7,32.4,49.6,43.2,1033.0,18.0,12.0,337.0,2
80.4,71.2,76.3,80.7,338.0,8.0,0.0,152.0,0
36.5,23.9,23.8,34.5,1284.0,18.0,11.0,322.0,3
76.8,55.1,26.5,46.6,1128.0,18.0,6.0,315.0,2
91.1,69.8,84.5,92.2,278.0,11.0,0.0,192.0,0
88.5,67.1,58.4,95.6,200.0,17.0,0.0,135.0,0
85.5,74.9,70.4,70.1,250.0,7.0,0.0,231.0,0
36.6,32.4,51.7,40.1,1275.0,13.0,10.0,352.0,3
90.1,76.7,98.0,74.8,200.0,9.0,0.0,112.0,0
17.9,39.5,27.4,32.5,1300.0,12.0,8.0,363.0,3
31.8,44.8,31.2,63.0,938.0,15.0,12.0,325.0,2
20.0,42.5,28.5,45.6,1413.0,12.0,13.0,344.0,3
80.3,62.4,63.2,67.2,431.0,7.0,0.0,181.0,0
46.0,70.6,90.1,84.9,666.0,10.0,4.0,273.0,1
39.0,17.3,7.1,31.0,1349.0,18.0,6.0,399.0,3
63.6,58.1,59.6,66.1,599.0,16.0,4.0,222.0,1
75.1,87.4,82.3,68.5,240.0,14.0,1.0,256.0,0
95.3,95.1,100.0,80.0,453.0,17.0,0.0,242.0,0
65.9,35.1,36.9,45.0,900.0,16.0,10.0,245.0,2
73.7,44.2,64.5,76.8,666.0,16.0,4.0,253.0,1
21.5,30.4,45.7,27.3,1275.0,13.0,14.0,333.0,3
58.5,55.0,72.1,62.8,597.0,14.0,3.0,175.0,1
66.3,60.1,55.6,63.1,969.0,10.0,6.0,252.0,2
23.8,42.6,31.4,39.9,1246.0,13.0,16.0,415.0,3
79.6,57.5,62.8,60.2,465.0,12.0,7.0,254.0,1
87.3,70.2,85.6,97.9,320.0,7.0,0.0,85.0,0
19.1,18.5,29.2,36.9,1284.0,11.0,10.0,324.0,3
52.6,99.0,77.5,86.9,410.0,7.0,1.0,176.0,0
14.2,18.3,31.5,38.4,1350.0,7.0,8.0,341.0,3
41.3,43.1,38.0,71.3,1082.0,18.0,8.0,283.0,2
76.2,49.1,30.3,54.5,1028.0,7.0,4.0,274.0,2
87.5,71.8,66.0,65.3,200.0,18.0,0.0,185.0,0
69.8,82.8,75.3,76.2,200.0,17.0,1.0,231.0,0
64.7,76.4,30.0,67.8,585.0,17.0,2.0,270.0,1
26.3,28.1,13.7,29.7,1331.0,6.0,10.0,412.0,3
37.4,33.0,33.4,47.3,1208.0,13.0,9.0,264.0,3
85.9,71.1,47.6,93.6,471.0,8.0,1.0,232.0,0
14.8,32.8,18.5,26.3,1368.0,8.0,12.0,463.0,3
78.0,57.5,52.4,61.7,592.0,11.0,3.0,253.0,1
100.0,79.2,83.4,77.0,311.0,10.0,0.0,204.0,0
28.6,14.7,36.7,43.6,1279.0,15.0,7.0,267.0,3
58.1,55.6,55.1,54.6,914.0,17.0,11.0,404.0,2
72.6,84.1,49.4,86.8,212.0,10.0,1.0,149.0,0
38.3,37.6,15.8,24.7,1232.0,8.0,13.0,430.0,3
43.7,56.4,28.8,39.3,1378.0,15.0,14.0,366.0,3
85.1,82.7,72.2,90.2,385.0,12.0,0.0,172.0,0
65.0,58.1,62.5,56.2,679.0,9.0,3.0,335.0,1
45.4,24.0,34.6,52.5,1378.0,12.0,18.0,479.0,3
64.2,42.2,52.9,76.7,607.0,15.0,4.0,249.0,1
40.2,39.4,45.7,55.8,939.0,8.0,4.0,275.0,2
87.1,62.9,72.7,72.3,418.0,15.0,0.0,111.0,0
53.9,62.8,48.6,50.6,1027.0,10.0,5.0,266.0,2
89.7,91.2,95.6,90.3,218.0,12.0,1.0,155.0,0
28.7,45.2,42.8,52.1,1015.0,17.0,8.0,259.0,2
59.7,59.5,73.8,43.3,1095.0,6.0,7.0,318.0,2
67.7,59.7,71.9,78.4,738.0,8.0,7.0,164.0,1
86.8,82.3,94.3,79.6,319.0,16.0,0.0,60.0,0
62.9,48.7,47.7,71.0,707.0,14.0,5.0,250.0,1
38.8,50.2,52.0,44.2,960.0,8.0,7.0,325.0,2
65.5,65.4,68.7,64.7,603.0,14.0,5.0,277.0,1
86.5,89.5,68.3,74.2,371.0,7.0,0.0,214.0,0
24.6,45.5,17.2,30.5,1416.0,8.0,11.0,359.0,3
62.3,65.3,84.1,80.7,589.0,18.0,5.0,313.0,1
81.1,95.1,74.8,78.5,324.0,9.0,0.0,89.0,0
93.5,94.9,82.2,71.6,337.0,18.0,0.0,88.0,0
16.9,23.7,40.1,50.3,1214.0,13.0,8.0,354.0,3
69.1,97.4,77.8,100.0,368.0,10.0,1.0,127.0,0
99.0,67.2,79.2,72.3,387.0,7.0,0.0,198.0,0
62.8,48.7,45.0,45.0,986.0,17.0,7.0,356.0,2
95.8,83.1,94.2,75.1,286.0,12.0,0.0,187.0,0
34.2,62.0,50.3,49.3,953.0,9.0,8.0,304.0,2
59.4,56.2,81.3,63.6,493.0,6.0,1.0,201.0,1
80.3,85.2,73.7,83.0,313.0,7.0,0.0,210.0,0
33.5,45.9,51.9,53.8,1216.0,8.0,11.0,320.0,2
26.3,46.6,40.0,45.8,1616.0,18.0,6.0,329.0,3
23.7,42.5,29.3,52.8,1300.0,6.0,12.0,381.0,3
30.3,33.3,15.7,49.2,1306.0,12.0,10.0,385.0,3
37.0,22.0,40.1,61.9,1293.0,12.0,10.0,375.0,3
34.4,60.1,38.1,54.7,898.0,15.0,4.0,216.0,2
43.9,41.8,46.2,37.2,1327.0,16.0,11.0,244.0,3
51.0,63.4,49.6,56.0,850.0,12.0,6.0,261.0,2
77.4,82.0,85.1,60.9,301.0,13.0,0.0,139.0,0
32.3,26.7,29.2,38.4,1418.0,13.0,10.0,259.0,3
75.7,47.0,37.3,89.5,685.0,18.0,3.0,348.0,1
46.7,40.8,65.6,45.9,1001.0,6.0,10.0,234.0,2
85.8,93.7,86.1,70.6,496.0,12.0,0.0,231.0,0
80.9,60.5,80.3,74.8,603.0,15.0,4.0,282.0,1
83.6,71.9,74.8,82.4,368.0,17.0,0.0,208.0,0
85.6,76.0,96.7,89.4,405.0,18.0,1.0,278.0,0
57.1,61.4,63.7,62.5,789.0,12.0,5.0,185.0,1
40.0,32.0,31.8,34.8,1305.0,12.0,13.0,349.0,3
76.7,52.8,73.7,61.8,603.0,15.0,3.0,182.0,1
31.3,45.2,42.8,29.2,1374.0,9.0,11.0,426.0,3
23.4,36.4,41.1,37.4,1150.0,12.0,9.0,423.0,3
37.4,41.2,24.8,46.5,1335.0,10.0,18.0,377.0,3
55.3,32.7,34.6,59.1,1014.0,11.0,6.0,183.0,2
39.2,36.8,37.4,55.2,1007.0,12.0,11.0,327.0,2
41.8,39.4,56.9,60.1,918.0,7.0,5.0,214.0,2
49.6,52.6,50.4,65.9,1085.0,14.0,7.0,281.0,2
39.4,43.8,39.3,37.4,1324.0,9.0,13.0,368.0,3
84.7,77.0,96.9,88.8,200.0,11.0,1.0,221.0,0
51.9,63.9,59.3,53.2,1173.0,15.0,8.0,417.0,2
44.2,45.0,71.0,46.3,1152.0,10.0,8.0,274.0,2
35.5,39.2,41.6,16.5,1370.0,7.0,9.0,441.0,3
57.7,48.5,55.8,53.4,983.0,7.0,5.0,343.0,2
32.6,14.5,42.5,36.4,1227.0,9.0,11.0,398.0,3
48.0,39.3,11.9,50.7,1266.0,8.0,11.0,361.0,3
32.3,43.0,34.3,19.9,1305.0,15.0,8.0,261.0,3
58.4,67.6,54.4,43.3,951.0,11.0,6.0,444.0,2
65.4,75.7,46.8,61.9,578.0,11.0,4.0,292.0,1
37.0,42.7,32.3,46.2,1489.0,13.0,10.0,370.0,3
62.5,55.9,67.9,56.0,1160.0,15.0,9.0,371.0,2
12.0,33.1,40.1,49.8,1393.0,9.0,10.0,303.0,3
33.0,41.7,28.0,56.9,1590.0,10.0,13.0,332.0,3
81.9,84.1,87.6,73.1,439.0,7.0,1.0,160.0,0
64.5,90.0,61.9,86.9,696.0,17.0,3.0,126.0,1
32.9,27.6,40.0,51.8,1044.0,18.0,3.0,314.0,2
46.9,43.5,29.4,59.3,776.0,12.0,9.0,319.0,2
72.9,53.1,51.6,69.3,813.0,18.0,1.0,258.0,1
36.3,30.4,26.8,53.9,893.0,12.0,5.0,170.0,2
41.9,49.7,46.2,48.0,901.0,15.0,4.0,278.0,2
52.3,63.1,69.4,49.7,805.0,8.0,5.0,276.0,1
71.3,66.1,68.4,53.4,714.0,15.0,5.0,328.0,1
60.2,47.6,54.6,60.0,594.0,9.0,3.0,271.0,1
42.0,39.5,56.6,65.5,929.0,11.0,11.0,260.0,2
44.8,35.6,70.6,53.8,865.0,15.0,8.0,340.0,2
48.3,55.0,63.3,58.9,842.0,9.0,5.0,321.0,2
46.0,52.9,69.6,72.9,1014.0,14.0,4.0,313.0,2
10.6,44.9,21.0,39.3,1099.0,16.0,12.0,317.0,3
59.2,63.9,45.0,53.7,863.0,13.0,6.0,293.0,2
45.1,39.3,21.8,49.8,1058.0,6.0,9.0,311.0,2
44.0,62.3,52.9,43.1,1021.0,13.0,8.0,381.0,2
52.1,46.2,41.7,63.5,1182.0,12.0,9.0,333.0,2
27.6,18.0,37.4,47.9,1186.0,7.0,11.0,279.0,3
39.9,62.0,38.5,49.3,853.0,18.0,9.0,260.0,2
19.0,19.3,50.3,47.8,1429.0,8.0,18.0,309.0,3
52.8,19.8,43.8,40.7,1479.0,13.0,14.0,454.0,3
34.4,23.3,20.0,44.8,1230.0,6.0,11.0,362.0,3
41.1,33.4,63.5,46.4,1424.0,6.0,17.0,454.0,3
47.5,73.3,60.9,56.7,827.0,15.0,1.0,275.0,1
66.7,62.7,82.8,64.3,576.0,11.0,2.0,282.0,1
67.8,78.2,69.7,69.5,639.0,15.0,4.0,205.0,1
21.3,45.6,39.7,30.0,1329.0,14.0,14.0,417.0,3
80.1,74.4,78.4,79.3,443.0,9.0,1.0,148.0,0
60.0,69.0,64.6,87.5,665.0,11.0,1.0,199.0,1
92.7,80.9,79.6,69.7,265.0,12.0,1.0,230.0,0
47.1,64.7,44.2,66.9,1081.0,18.0,5.0,292.0,2
39.2,47.7,62.9,42.2,983.0,18.0,8.0,336.0,2
21.7,16.7,72.5,34.0,1306.0,8.0,11.0,416.0,3
30.1,28.6,17.3,38.0,1096.0,17.0,12.0,345.0,2
77.4,100.0,68.8,82.9,359.0,11.0,0.0,97.0,0
77.5,64.7,72.7,81.5,730.0,16.0,8.0,206.0,1
93.4,78.7,78.7,90.0,450.0,9.0,1.0,71.0,0
42.7,57.8,54.3,50.6,1009.0,9.0,4.0,316.0,2
23.5,19.0,13.1,59.0,1333.0,12.0,12.0,358.0,3
78.0,54.4,63.5,62.3,759.0,6.0,6.0,255.0,1
34.8,7.9,27.2,33.9,1268.0,18.0,11.0,300.0,3
55.7,41.1,42.4,51.7,1011.0,9.0,7.0,283.0,2
77.4,86.2,65.9,78.4,200.0,9.0,0.0,205.0,0
36.6,35.9,42.4,49.6,1198.0,11.0,13.0,366.0,3
70.4,78.6,78.8,79.3,431.0,16.0,2.0,145.0,0
65.1,73.3,93.9,64.3,614.0,9.0,6.0,220.0,1
81.7,63.9,60.8,94.1,244.0,11.0,3.0,146.0,0
41.6,26.1,45.1,58.6,903.0,11.0,5.0,259.0,2
83.0,75.7,42.8,62.0,570.0,12.0,3.0,254.0,1
50.2,48.5,56.8,85.9,773.0,10.0,3.0,262.0,1
48.4,63.3,60.3,59.4,680.0,10.0,6.0,319.0,2
39.5,34.6,44.5,29.1,1185.0,7.0,12.0,431.0,3
46.4,46.2,39.7,69.3,1015.0,11.0,13.0,257.0,2
65.8,66.6,45.8,61.4,715.0,9.0,2.0,291.0,1
40.7,31.8,53.1,66.7,892.0,6.0,8.0,288.0,2
72.0,83.6,75.4,70.8,747.0,15.0,2.0,191.0,1
90.2,84.4,62.9,83.0,290.0,10.0,0.0,129.0,0
71.8,79.3,85.2,100.0,309.0,7.0,1.0,230.0,0
71.9,65.9,100.0,58.7,824.0,16.0,4.0,301.0,1
54.6,52.9,68.3,79.2,535.0,18.0,2.0,220.0,1
98.5,89.0,100.0,83.2,200.0,17.0,0.0,237.0,0
77.3,50.3,66.5,77.7,835.0,13.0,7.0,184.0,1
33.1,32.6,24.7,26.0,1180.0,18.0,7.0,419.0,3
70.3,56.6,59.2,65.0,863.0,15.0,5.0,343.0,2
54.6,79.2,44.4,73.8,534.0,11.0,5.0,256.0,1
32.0,26.6,29.5,44.9,1288.0,15.0,16.0,312.0,3
73.4,75.0,73.1,73.9,572.0,6.0,3.0,260.0,1
33.5,43.0,22.8,30.2,1448.0,16.0,11.0,461.0,3
67.6,63.5,57.9,65.9,747.0,9.0,3.0,295.0,1
34.1,42.9,14.4,57.6,1134.0,6.0,5.0,418.0,3
65.8,77.0,64.4,66.3,720.0,16.0,2.0,279.0,1
40.5,66.8,60.4,77.1,1136.0,13.0,13.0,344.0,2
62.1,69.6,61.2,71.9,648.0,13.0,3.0,298.0,1
73.7,43.5,46.1,60.5,684.0,17.0,3.0,228.0,1
85.1,92.2,83.2,88.6,429.0,8.0,1.0,90.0,0
59.6,63.6,36.3,59.9,579.0,15.0,3.0,272.0,1
29.9,38.9,34.0,32.1,1161.0,18.0,11.0,312.0,3
70.1,76.2,44.9,37.0,864.0,18.0,16.0,452.0,2
74.3,91.8,81.5,97.8,342.0,9.0,0.0,212.0,0
71.0,100.0,87.6,79.2,293.0,11.0,0.0,167.0,0
51.4,60.9,69.4,63.3,788.0,9.0,4.0,163.0,1
65.6,64.7,95.7,74.9,865.0,9.0,5.0,273.0,1
45.1,58.2,54.4,41.8,755.0,13.0,7.0,259.0,1
69.9,72.2,55.8,69.9,671.0,16.0,7.0,245.0,1
88.6,92.3,67.4,76.2,200.0,14.0,0.0,121.0,0
75.8,93.3,81.8,100.0,308.0,11.0,1.0,177.0,0
64.3,72.0,74.3,60.5,702.0,11.0,4.0,216.0,1
92.4,78.3,75.5,81.7,525.0,11.0,1.0,83.0,0
71.0,48.5,75.6,71.4,676.0,10.0,3.0,318.0,1
77.7,67.2,83.7,91.1,380.0,10.0,0.0,143.0,0
63.2,56.7,46.0,48.5,988.0,13.0,7.0,328.0,2
33.2,35.1,12.9,34.4,1287.0,15.0,10.0,320.0,3
100.0,64.6,71.2,100.0,344.0,17.0,0.0,189.0,0
87.8,88.5,61.7,78.5,426.0,17.0,0.0,211.0,0
96.8,78.5,74.9,100.0,389.0,8.0,0.0,262.0,0
34.9,34.2,31.7,30.9,1420.0,16.0,8.0,405.0,3
89.9,59.5,44.9,87.6,294.0,15.0,1.0,148.0,0
89.8,75.4,78.1,68.0,357.0,7.0,0.0,180.0,0
55.3,47.2,62.1,48.1,1119.0,6.0,8.0,290.0,2
47.2,43.9,39.0,32.5,971.0,10.0,12.0,458.0,2
67.8,78.0,67.2,59.2,675.0,18.0,5.0,269.0,1
56.9,52.4,52.3,43.8,967.0,9.0,8.0,202.0,2
64.7,68.6,75.3,70.6,690.0,7.0,1.0,191.0,1
58.2,62.4,30.7,42.2,877.0,15.0,5.0,263.0,2
40.9,50.5,24.5,49.6,1051.0,14.0,10.0,372.0,2
68.3,94.2,86.2,87.4,278.0,10.0,1.0,210.0,0
30.5,43.8,22.5,56.0,1359.0,8.0,14.0,306.0,3
93.1,74.2,82.0,96.0,437.0,9.0,0.0,191.0,0
32.7,57.0,43.5,31.4,1408.0,7.0,6.0,304.0,3
67.8,100.0,76.5,80.3,452.0,12.0,0.0,151.0,0
52.3,64.3,44.0,54.0,1044.0,8.0,8.0,231.0,2
67.3,77.0,54.0,82.8,632.0,15.0,4.0,359.0,1
85.8,90.0,90.5,83.9,427.0,13.0,1.0,231.0,0
76.9,90.4,70.3,83.1,398.0,13.0,1.0,191.0,0
84.3,87.1,98.7,88.2,330.0,16.0,0.0,176.0,0
69.5,56.0,60.2,69.4,711.0,17.0,3.0,235.0,1
77.3,84.9,80.7,80.4,277.0,15.0,1.0,199.0,0
69.6,54.9,65.7,72.4,609.0,15.0,8.0,190.0,1
70.3,50.2,48.0,70.5,726.0,14.0,2.0,198.0,1
76.9,58.5,35.2,88.6,689.0,13.0,1.0,272.0,1
81.8,89.8,73.6,98.5,384.0,8.0,1.0,161.0,0
23.9,32.5,29.7,48.8,1264.0,10.0,12.0,394.0,3
72.2,65.1,84.7,67.7,779.0,17.0,8.0,207.0,1
27.2,35.7,32.2,34.4,1337.0,11.0,12.0,363.0,3
78.1,89.1,100.0,82.2,493.0,17.0,0.0,188.0,0
38.3,27.1,30.1,12.4,1390.0,18.0,15.0,392.0,3
68.6,51.4,62.2,41.0,799.0,12.0,3.0,300.0,1
49.5,54.3,43.4,59.8,950.0,14.0,10.0,264.0,2
34.8,37.8,46.3,46.6,1388.0,16.0,9.0,301.0,3
53.9,43.5,33.0,46.0,981.0,13.0,5.0,265.0,2
77.1,74.6,76.5,86.6,299.0,14.0,1.0,100.0,0
14.7,25.3,44.1,32.8,1199.0,15.0,12.0,350.0,3
58.3,62.6,66.1,62.7,522.0,10.0,3.0,243.0,1
27.9,32.4,37.5,27.1,1483.0,18.0,12.0,356.0,3
86.3,100.0,85.3,92.3,413.0,12.0,1.0,149.0,0
98.1,57.8,49.4,79.8,617.0,14.0,5.0,235.0,1
90.6,76.3,86.4,81.6,412.0,14.0,1.0,122.0,0
92.9,83.3,87.0,85.9,359.0,10.0,0.0,70.0,0
51.7,50.8,48.8,45.8,988.0,17.0,9.0,281.0,2
66.5,70.6,64.5,64.4,582.0,17.0,6.0,333.0,1
79.0,92.2,96.5,81.1,619.0,15.0,1.0,201.0,0
72.8,91.2,59.9,56.4,645.0,12.0,3.0,221.0,1
60.0,51.2,67.6,54.6,1068.0,10.0,10.0,410.0,2
36.0,15.5,26.5,45.5,1390.0,9.0,7.0,347.0,3
13.9,44.7,22.5,35.5,1154.0,6.0,15.0,464.0,3
45.6,41.9,44.1,55.6,1012.0,13.0,9.0,339.0,2
80.9,100.0,69.9,98.3,324.0,18.0,0.0,106.0,0
40.5,53.5,24.9,69.7,1256.0,7.0,7.0,349.0,2
51.0,58.2,60.7,76.1,673.0,9.0,6.0,311.0,1
62.6,65.1,45.9,67.6,557.0,11.0,5.0,250.0,1
63.2,51.1,54.0,48.7,1224.0,18.0,11.0,272.0,2
35.7,32.2,36.4,21.7,1454.0,16.0,5.0,336.0,3
44.6,37.6,67.5,71.4,1005.0,18.0,6.0,313.0,2
61.3,27.4,45.5,58.3,1082.0,17.0,5.0,326.0,2
75.6,78.6,70.9,85.1,332.0,18.0,0.0,60.0,0
93.2,70.9,70.4,76.9,373.0,15.0,1.0,211.0,0
79.0,51.1,59.7,66.2,702.0,11.0,2.0,289.0,1
85.5,75.1,78.4,88.3,305.0,18.0,0.0,109.0,0
42.4,45.8,51.8,39.5,989.0,12.0,4.0,277.0,2
59.3,43.0,51.0,49.7,1058.0,11.0,5.0,376.0,2
33.5,22.0,28.4,29.9,1259.0,15.0,15.0,412.0,3
53.3,44.9,72.6,40.8,994.0,11.0,7.0,236.0,2
94.7,94.8,100.0,83.1,281.0,18.0,1.0,193.0,0
61.1,53.3,61.4,52.0,857.0,8.0,15.0,218.0,2
73.0,68.4,77.1,53.7,523.0,13.0,6.0,118.0,1
97.0,93.2,77.0,76.7,472.0,7.0,0.0,231.0,0
30.6,46.9,77.3,64.9,1008.0,16.0,11.0,345.0,2
56.0,56.5,64.4,55.9,752.0,18.0,3.0,215.0,1
83.9,89.4,94.1,78.9,328.0,11.0,0.0,222.0,0
65.9,69.6,90.7,92.0,258.0,6.0,0.0,145.0,0
85.2,85.1,78.5,77.9,200.0,7.0,1.0,248.0,0
83.4,67.7,61.4,56.7,761.0,16.0,4.0,295.0,1
100.0,91.7,75.6,80.3,220.0,12.0,1.0,215.0,0
59.1,42.3,49.3,46.8,945.0,6.0,5.0,208.0,2
93.2,81.6,79.7,81.0,250.0,16.0,0.0,239.0,0
73.9,46.3,46.1,66.6,857.0,11.0,6.0,274.0,1
99.7,73.3,65.7,81.7,455.0,14.0,0.0,69.0,0
50.8,73.2,81.4,53.2,781.0,7.0,3.0,254.0,1
39.4,31.3,6.1,24.3,1165.0,18.0,13.0,290.0,3
45.3,63.0,62.8,63.6,957.0,8.0,10.0,325.0,2
49.5,54.2,47.6,52.4,867.0,8.0,8.0,386.0,2
36.0,42.3,57.4,36.0,873.0,7.0,9.0,314.0,2
73.2,78.1,73.8,65.1,681.0,18.0,6.0,237.0,1
37.2,50.0,38.5,47.7,883.0,16.0,8.0,342.0,2
37.4,36.2,47.9,63.2,986.0,18.0,5.0,260.0,2
31.3,8.1,33.7,31.3,1226.0,6.0,9.0,381.0,3
93.7,66.7,80.9,67.8,297.0,14.0,0.0,228.0,0
27.7,25.5,3.7,25.0,1517.0,13.0,13.0,360.0,3
52.6,54.9,48.8,67.8,494.0,7.0,6.0,139.0,1
72.0,62.8,88.6,69.2,680.0,8.0,3.0,201.0,1
69.9,63.7,71.0,87.3,344.0,16.0,0.0,196.0,0
28.0,42.9,8.9,39.0,1220.0,11.0,11.0,407.0,3
68.2,64.8,71.5,58.9,770.0,10.0,4.0,255.0,1
52.5,59.4,61.4,57.0,655.0,6.0,5.0,244.0,1
49.5,58.3,52.1,39.4,1018.0,12.0,6.0,265.0,2
25.3,47.0,42.3,47.0,1251.0,16.0,7.0,351.0,3
87.7,79.9,93.3,79.8,296.0,9.0,1.0,145.0,0
76.6,77.8,62.9,83.9,639.0,13.0,7.0,350.0,1
100.0,93.0,99.4,72.1,347.0,13.0,1.0,152.0,0
33.1,51.4,43.2,41.4,962.0,6.0,9.0,268.0,2
68.3,45.1,60.4,48.2,608.0,9.0,0.0,286.0,1
68.0,69.7,52.3,78.1,652.0,18.0,6.0,323.0,1
100.0,75.0,82.9,76.4,401.0,14.0,0.0,194.0,0
82.7,87.2,83.7,83.8,467.0,15.0,0.0,227.0,0
60.1,53.5,44.4,44.9,881.0,8.0,4.0,249.0,2
73.0,77.9,93.7,85.0,369.0,14.0,1.0,291.0,0
32.5,72.6,53.5,48.8,762.0,17.0,4.0,273.0,2
87.0,76.3,78.5,89.2,385.0,18.0,0.0,176.0,0
77.6,61.9,71.2,78.0,851.0,17.0,4.0,251.0,1
69.1,40.3,77.9,64.7,998.0,16.0,14.0,273.0,2
86.5,69.3,88.3,98.3,315.0,6.0,0.0,94.0,0
73.5,55.6,59.7,76.6,740.0,15.0,6.0,171.0,1
63.6,48.8,54.6,63.1,955.0,16.0,4.0,316.0,2
45.1,62.1,45.3,45.3,968.0,12.0,6.0,293.0,2
79.9,80.9,74.5,85.4,406.0,14.0,0.0,182.0,0
57.3,93.5,62.0,75.4,673.0,7.0,1.0,185.0,1
40.1,69.4,58.3,42.0,876.0,16.0,8.0,274.0,2
50.6,36.2,34.2,35.3,1398.0,6.0,11.0,255.0,3
69.5,84.2,98.4,70.7,397.0,18.0,0.0,244.0,0
27.7,28.7,56.8,25.7,1295.0,11.0,7.0,360.0,3
69.3,64.3,53.1,80.7,624.0,8.0,2.0,259.0,1
59.8,42.5,43.0,44.0,897.0,8.0,7.0,389.0,2
40.6,49.0,25.3,53.9,790.0,9.0,5.0,307.0,2
88.3,77.9,86.1,87.2,345.0,15.0,1.0,157.0,0
38.2,61.4,52.4,41.0,1162.0,16.0,4.0,403.0,2
84.9,75.9,81.7,87.4,473.0,11.0,1.0,225.0,0
55.6,41.3,28.8,38.7,989.0,15.0,5.0,348.0,2
91.1,67.8,68.0,65.2,266.0,9.0,0.0,186.0,0
75.9,63.2,86.4,90.5,649.0,18.0,1.0,192.0,0
12.5,35.0,35.1,53.4,1304.0,8.0,18.0,353.0,3
46.3,87.4,64.0,52.2,671.0,6.0,9.0,328.0,1
20.2,33.7,31.2,14.1,1210.0,15.0,9.0,432.0,3
55.8,62.0,65.0,61.9,664.0,8.0,8.0,199.0,1
54.0,39.7,35.2,55.5,997.0,7.0,8.0,350.0,2
53.9,53.1,33.9,40.3,985.0,8.0,6.0,250.0,2
60.1,65.7,60.0,62.9,863.0,17.0,7.0,251.0,1
54.3,30.2,56.5,56.7,957.0,10.0,7.0,306.0,2
34.5,35.6,28.9,50.9,923.0,7.0,8.0,289.0,2
